IPAddress,NoOfRequest
13.66.139.0,3
157.48.153.185,2
216.244.66.230,54
54.36.148.92,2
92.101.35.224,1
73.166.162.225,2
54.36.148.108,2
54.36.148.1,49
162.158.203.24,7
35.237.4.214,8
42.236.10.125,51
11.9.4.974,690
2.13.1.48,690
42.236.10.117,50
42.236.10.114,35
191.102.167.138,8
54.36.149.55,1
95.217.229.86,2
182.239.117.249,3
66.249.64.41,24
157.48.208.79,4
162.210.196.129,14
66.249.66.158,37
45.145.161.12,680
45.132.51.36,846
45.138.145.131,856
45.144.0.179,946
194.156.95.52,676
45.153.227.31,876
45.138.4.22,880
87.247.143.24,736
45.144.0.98,826
45.132.51.62,868
176.222.58.254,934
176.222.58.90,860
45.132.207.154,890
45.153.227.55,888
45.07.2.505,78
87.247.143.30,640
45.145.161.6,695
194.156.95.20,662
45.132.207.221,850
45.138.145.106,848
54.36.149.8,1
5.0.1.313,195
10.1.4.303,244
85.0.564.41,50
84.0.522.59,27
45.138.4.35,872
84.229.183.233,2
168.91.81.164,30
45.61.164.246,6
72.29.66.216,2
5.0.375.99,394
35.245.128.50,1
83.227.29.211,73
7.52.0.114,24
7.77.0.219,52
11.3.8.976,20
85.0.564.51,96
95.52.125.163,42
1.3.0.0,40
54.36.148.48,2
200.117.136.188,5
129.226.117.162,1
45.07.4.505,131
192.3.246.16,2
84.0.522.63,74
198.12.125.112,2
13.76.91.32,21
178.79.121.232,2
84.0.522.40,23
51.89.157.100,1
84.0.522.48,26
108.160.131.165,1
193.106.30.100,90
23.90.31.58,6
18.3.1.123,45
45.82.198.70,1
46.150.243.34,2
54.225.42.168,1
13.58.208.173,1
10.0.2.320,28
13.2.8.130,22
5.0.2.301,99
168.91.80.240,14
54.36.148.139,1
23.231.38.247,3
20.8.1.83,31
91.134.197.233,1
157.44.75.118,2
3.101.105.200,1
1.9.1.2,11
79.137.50.207,1
80.0.361.69,1
173.44.165.75,7
23.82.80.42,26
30.0.0.0,74
92.240.139.252,1
69.2.0.170,25
141.101.96.8,5
168.91.82.32,20
66.249.64.39,12
85.0.564.44,90
66.249.70.110,7
66.249.70.112,6
54.36.148.12,1
54.36.148.88,3
10.1.3.321,36
157.55.39.19,18
191.102.156.173,11
2.8.105.22,22
168.91.82.250,18
207.46.13.173,2
10.3.3.321,18
162.158.203.26,10
46.150.240.108,4
193.106.241.82,1
83.0.478.25,12
137.116.116.251,3
93.35.225.23,2
91.134.17.85,1
98.224.73.246,1
191.102.167.234,6
3.236.210.126,1
87.255.77.204,2
91.241.19.182,16
13.66.139.81,28
209.17.96.138,1
45.55.195.141,5
49.206.47.165,1
51.222.44.145,15
51.77.128.212,31
85.125.194.182,2
46.248.167.73,1
84.0.522.52,28
108.59.8.80,14
17.58.97.160,9
172.241.242.197,18
141.101.96.7,1
84.0.522.49,21
51.81.71.240,2
54.37.100.111,1
91.193.4.199,76
154.16.160.249,1
42.236.10.79,2
51.81.71.215,1
62.138.3.52,314
62.210.207.209,38
23.82.80.93,8
54.36.148.211,1
178.150.47.62,52
62.157.73.224,1
193.239.86.200,1
83.0.478.37,19
157.48.178.76,2
110.78.171.129,2
157.46.251.182,2
86.100.54.250,2
157.47.99.203,2
173.44.222.118,12
10.1.3.301,14
46.125.249.79,44
23.90.30.144,7
172.241.243.212,18
46.248.173.38,1
194.54.183.74,49
5.61.253.37,1
45.242.86.62,51
104.217.14.60,1
94.54.244.13,2
176.131.206.165,2
107.173.129.127,16
23.94.20.157,10
23.229.25.84,5
69.4.94.111,6
198.23.201.189,6
23.229.75.24,8
198.23.172.191,7
199.21.113.251,9
138.128.13.63,1
46.75.75.131,32
192.3.246.41,2
159.69.67.237,68
46.248.173.37,1
84.57.116.117,34
54.36.148.27,1
168.91.80.103,22
201.77.65.63,165
31.28.162.141,1
66.249.70.108,4
3.22.172.84,1
191.102.156.192,9
172.241.243.208,30
23.229.14.227,6
157.34.51.18,2
87.0.664.60,2
185.253.218.243,1
192.71.224.240,4
192.36.70.176,3
192.71.142.35,2
192.71.42.108,2
45.57.220.242,2
5.3.8.200,8
157.55.39.115,1
54.37.163.19,2
101.224.168.181,2
54.180.148.193,1
24.193.95.168,4
103.245.193.10,5
23.236.232.174,10
173.44.165.202,4
3.238.229.213,1
18.1.1.839,46
54.36.148.81,2
54.36.149.45,50
168.119.69.91,2
212.40.1.5,31
40.121.91.147,2
42.236.10.123,4
45.61.164.249,7
47.30.166.206,2
87.0.664.66,275
17.58.101.191,3
54.70.53.60,1
52.208.239.179,1
23.90.31.3,7
177.190.236.156,2
49.237.17.9,1
93.175.28.2,2
194.186.207.248,7
19.10.3.281,7
27.55.78.26,1
168.91.38.170,4
164.132.27.177,1
80.0.361.66,1
95.216.172.176,16
110.175.240.7,2
23.95.239.13,2
90.127.201.128,4
147.135.181.154,1
173.234.225.239,6
168.235.103.205,2
201.137.179.24,78
107.174.34.118,2
180.250.12.10,6
139.180.231.104,2
173.44.167.243,9
173.231.59.205,1
168.91.81.216,14
138.229.98.115,2
187.103.168.179,1
223.24.184.142,1
138.229.111.120,2
23.236.254.234,3
165.51.200.210,3
66.249.75.229,13
102.105.72.99,2
20.8.2.95,18
103.129.32.65,22
137.59.253.53,48
196.17.232.82,2
193.29.107.244,12
112.86.255.228,2
9.4.7.101,2
47.90.50.213,1
130.204.55.97,137
197.1.118.165,2
192.3.139.83,2
7.2.0.0,55
98.37.112.181,21
102.157.56.54,2
54.38.153.180,1
168.91.80.127,34
173.44.167.254,8
191.102.166.229,10
99.67.58.183,2
180.163.220.3,14
180.163.220.4,18
180.163.220.66,11
180.163.220.67,28
180.163.220.68,22
51.89.207.245,1
51.89.254.209,1
64.246.165.50,2
173.44.165.179,8
95.216.96.244,68
207.230.100.87,14
168.91.81.165,22
15.188.143.66,2
173.212.241.58,2
157.38.37.80,3
191.102.166.72,7
66.249.75.225,11
154.16.20.134,6
42.236.10.72,6
42.236.49.9,1
144.48.72.210,2
40.77.167.76,1
141.101.76.9,1
62.157.70.48,2
174.76.48.232,2
66.249.75.93,2
46.185.114.98,8
95.163.255.184,1
95.163.255.160,1
104.140.73.60,2
18.191.224.110,1
66.249.75.94,2
162.210.196.130,12
23.90.30.135,5
106.110.56.211,2
9.4.7.122,4
51.89.254.201,1
34.243.162.182,2
101.68.81.230,3
23.82.81.185,30
5.253.19.140,4
209.17.97.82,3
84.22.28.166,39
66.249.75.227,8
157.230.96.179,1
54.36.138.92,2
45.115.112.214,2
50.31.8.137,10
54.184.200.246,2
44.234.109.155,2
5.18.186.167,6
173.44.165.156,8
92.130.207.142,3
168.91.81.85,28
191.102.166.190,5
197.20.116.211,4
168.91.83.221,18
154.121.55.103,1
45.55.58.166,8
89.163.131.160,1
213.171.211.253,45
209.17.96.82,1
85.191.186.133,5
45.82.198.192,2
34.77.35.166,10
162.158.203.22,5
187.76.237.145,4
144.76.185.234,2
23.82.81.183,18
105.159.77.140,5
191.102.167.130,6
207.230.100.110,22
154.16.20.167,7
23.82.81.78,34
103.121.60.69,8
167.71.100.247,35
3.18.502.6,1
195.142.188.138,2
198.46.226.86,2
54.38.153.148,1
138.128.50.52,4
217.182.250.120,1
86.149.157.137,2
51.75.146.127,2
45.61.165.22,4
110.242.135.51,2
176.104.126.75,4
23.90.30.214,5
104.227.65.40,2
103.73.71.85,22
23.231.38.218,3
207.230.100.5,18
83.136.32.140,24
192.240.180.114,18
141.101.96.74,1
54.36.149.17,2
43.231.29.144,3
54.36.148.89,2
54.36.149.52,1
207.46.13.80,16
131.108.234.100,2
106.208.18.158,5
192.126.162.16,20
37.252.185.196,1
51.75.141.254,1
87.115.231.176,4
45.128.133.234,3
45.141.156.57,33
174.138.115.170,110
17.58.101.197,15
17.58.97.161,21
89.187.174.131,1
109.70.100.44,1
3.112.251.194,2
204.44.112.79,1
156.146.34.102,1
88.107.190.117,2
194.37.96.202,1
217.138.217.217,1
212.102.57.192,1
84.17.46.205,1
194.146.184.180,2
18.217.2.146,1
49.207.210.216,2
34.201.67.118,36
34.93.192.154,2
5.188.62.140,263
141.101.96.31,5
182.77.57.253,2
173.44.222.212,8
139.162.191.178,18
40.77.189.82,10
157.55.39.214,11
173.44.222.120,5
66.249.64.43,9
50.31.8.146,4
193.147.162.141,3
85.198.144.34,7
198.81.129.194,2
138.229.102.153,2
86.31.119.25,3
173.44.167.64,4
135.181.148.192,24
108.59.8.70,13
13.66.139.64,10
41.62.113.174,2
207.46.13.57,1
84.142.204.244,89
93.41.35.75,2
45.152.196.52,1
129.146.122.232,20
168.91.80.209,16
172.241.242.98,18
104.129.204.132,2
86.173.63.72,2
181.119.112.188,2
207.46.13.12,1
185.188.136.33,30
180.163.220.5,17
23.90.31.66,7
168.91.83.223,26
193.70.103.255,1
157.55.182.186,1
198.144.181.243,7
172.245.64.249,13
107.174.37.156,10
143.202.227.77,1
88.149.154.32,3
36.83.26.177,2
179.246.217.98,1
179.246.209.61,3
23.82.80.234,20
193.70.79.97,1
168.91.83.222,18
42.236.10.81,7
93.177.119.48,1
193.93.195.211,1
2.20.121.4,1
209.6.125.183,2
75.60.242.80,2
44.238.183.142,1
91.121.225.164,1
54.36.148.41,1
88.198.43.207,2
54.38.153.176,1
37.187.205.154,1
51.38.162.5,1
190.155.2.122,78
168.91.81.82,24
140.96.158.61,2
54.36.149.62,1
51.140.45.109,1
172.245.28.181,4
91.115.198.2,31
46.55.23.55,5
23.90.30.239,7
3.235.193.81,1
101.109.192.252,2
192.3.203.140,2
40.77.190.15,4
149.154.161.1,2
54.38.153.151,1
54.38.234.228,1
192.126.162.101,4
185.85.190.132,3
5.255.253.153,25
5.45.207.161,8
5.188.62.147,225
164.132.27.220,1
191.102.166.144,5
191.102.156.204,4
23.231.38.145,8
50.31.8.13,12
107.175.38.59,2
1.0.40.10,46
62.217.185.133,3
31.28.163.53,2
23.82.81.63,22
107.175.38.13,4
154.16.20.143,7
179.155.104.219,3
81.16.140.108,282
45.129.198.148,252
81.16.140.137,286
45.133.219.22,304
194.60.76.216,302
81.16.140.97,292
81.16.140.72,322
45.133.219.37,276
81.16.140.79,296
45.88.82.91,286
45.135.34.192,330
81.16.140.109,324
194.60.76.9,290
45.88.82.121,322
81.16.140.75,264
45.129.198.146,289
23.231.38.135,5
213.149.103.132,1
81.16.140.68,248
45.138.6.229,296
45.138.6.188,302
45.135.34.239,318
104.227.191.170,4
216.120.224.208,3
192.3.241.7,4
76.209.245.209,1
84.173.54.174,1
104.222.43.10,1
1.0.238.210,2
23.235.253.35,4
5.16.122.106,3
104.144.7.92,2
73.15.241.42,2
45.72.67.70,2
46.105.58.112,1
189.71.248.58,2
95.111.247.252,2
173.234.225.189,6
5.9.110.153,6
192.198.119.78,2
207.230.100.217,16
45.140.14.149,1
212.112.122.142,2
101.109.69.157,2
84.173.52.101,1
213.174.147.83,2
103.80.199.180,3
198.23.217.94,2
172.241.242.245,18
23.95.235.98,2
42.236.10.107,3
77.119.131.226,11
5.188.62.214,28
23.90.30.53,4
3.16.161.196,1
139.99.131.38,1
92.50.195.50,21
192.126.162.243,12
197.16.168.66,4
54.36.148.98,1
45.131.47.61,1
107.152.161.100,4
5.188.211.35,2
42.236.10.91,6
42.236.10.113,4
188.72.116.142,1
191.102.156.137,3
172.241.242.110,26
43.243.82.221,38
23.90.31.214,7
7.5.3.392,63
183.83.146.87,2
162.237.228.68,2
213.162.73.51,84
168.91.83.192,18
45.61.165.10,3
50.31.8.148,6
173.234.225.46,10
173.44.222.193,4
70.36.102.229,1
191.102.167.215,5
176.234.11.88,3
2.20.206.24,8
176.216.39.158,2
40.94.96.50,9
40.94.96.4,4
40.94.96.39,6
40.94.96.1,3
40.94.96.48,3
40.94.96.10,6
40.94.96.42,1
193.106.31.130,87610
5.248.238.224,6
176.56.107.226,2
5.188.211.13,2
62.210.78.76,115
45.132.242.99,5
190.14.8.85,1
5.189.176.171,2
51.89.204.20,1
176.31.226.2,1
84.173.60.123,1
104.206.81.24,4
144.76.60.198,2
24.159.37.159,1
159.89.48.237,1
27.154.209.39,2
1.4.161.123,2
167.114.175.39,15
191.102.167.238,9
199.184.158.54,1
173.234.225.127,6
181.215.34.90,2
46.5.72.251,37
173.231.59.218,30
23.94.31.250,2
84.136.57.209,32
206.217.137.206,2
193.154.255.50,2
196.196.224.123,2
41.228.120.149,2
80.248.225.154,85
198.98.57.234,31
192.126.162.52,10
192.36.71.133,4
192.71.126.175,2
192.71.12.140,2
212.224.76.59,1
88.98.240.121,3
107.175.116.67,2
192.126.162.10,10
104.223.33.18,1
188.76.5.119,3
85.51.17.167,2
92.58.160.201,4
88.5.191.204,4
209.99.164.75,1
82.151.121.137,3
209.17.96.10,1
209.17.96.66,2
86.137.188.184,2
52.91.74.163,1
174.129.152.202,1
88.20.74.132,2
95.217.225.213,1
95.217.225.247,1
95.217.226.60,1
154.110.34.113,1
54.36.149.27,1
85.90.142.146,87
209.99.129.164,2
185.185.217.75,32
54.36.148.172,1
176.106.242.148,6
107.175.34.20,2
46.75.13.124,1
176.31.182.58,85
104.227.20.26,2
192.3.137.13,2
52.15.47.251,1
45.120.51.183,2
145.244.245.90,84
84.0.522.58,84
73.69.178.38,2
128.127.164.156,2
3.249.44.26,1
45.61.164.238,6
80.110.125.36,5
93.157.87.137,128
104.144.155.162,3
181.214.161.180,1
89.35.31.89,2
196.196.224.151,2
49.34.178.227,2
93.115.0.234,2
185.220.101.133,1
66.249.79.208,7
190.184.144.170,2
42.113.225.5,1
3.21.92.172,1
52.87.191.23,1
66.249.79.230,4
66.249.79.234,2
87.102.185.102,7
170.83.178.254,2
54.236.1.11,8
68.183.22.241,1
18.237.215.68,1
103.87.168.249,2
93.203.174.12,31
82.64.213.145,3
42.236.48.225,1
42.236.10.83,2
177.156.225.124,2
198.23.173.249,2
78.192.172.171,1
47.56.205.186,1
13.66.139.60,11
106.86.54.82,2
45.120.50.54,2
54.36.149.92,1
68.183.206.76,2
143.244.43.177,151
47.89.242.193,2
195.110.124.236,4
54.208.201.249,1
66.249.79.232,1
20.56.176.20,1
23.95.5.21,2
104.222.43.92,1
104.222.33.57,1
213.18.187.191,3
188.217.168.106,2
168.91.82.55,16
104.222.43.208,1
45.127.44.84,3
23.254.10.218,2
66.249.65.157,3
189.81.219.201,2
185.89.101.119,1
54.36.148.231,3
144.76.120.197,5
107.174.224.184,2
5.188.217.93,1
187.39.254.77,165
198.23.217.91,2
209.135.212.252,2
66.249.65.156,2
54.36.149.35,1
54.36.148.154,1
207.180.245.134,2
157.55.39.157,3
216.213.27.218,4
174.138.13.220,21
66.249.73.142,3
217.87.117.223,2
104.222.43.148,1
93.178.2.95,1
223.186.177.104,2
91.160.60.75,3
196.247.18.32,2
197.31.223.105,4
168.91.83.51,28
3.238.113.156,1
77.132.104.159,2
168.91.82.160,10
102.157.209.86,2
173.242.124.14,55
105.247.28.74,2
40.77.188.170,17
89.144.205.67,16
17.58.97.167,14
66.249.73.144,2
74.127.205.210,2
192.126.162.162,8
66.249.65.158,4
185.224.1.180,3
68.183.104.51,2
197.14.66.61,2
102.152.142.53,2
188.23.49.58,43
49.206.53.72,4
176.198.237.4,2
132.145.111.129,1
37.134.231.48,2
173.245.75.55,2
82.55.177.142,2
173.44.167.58,3
168.91.82.124,14
162.115.44.104,3
66.249.88.109,1
198.211.117.96,1
144.76.102.243,2
78.46.90.120,1
93.81.213.42,2
185.81.157.136,11
112.80.126.104,2
162.210.196.97,12
23.82.81.139,18
197.16.18.163,6
173.255.176.5,5220
6.7.0.253,2
24.128.117.180,4
188.163.74.184,7
95.174.110.235,3
5.176.255.173,2
198.245.60.76,4
149.0.226.129,6
51.77.108.33,11
212.9.160.24,157
1.2.3.3,67
217.182.78.180,61
191.183.198.39,3
185.207.177.144,2
193.83.232.67,85
95.216.96.170,85
185.220.101.149,20
23.229.120.97,4
185.100.87.207,18
91.192.103.11,14
91.227.68.190,1
66.249.75.92,5
23.82.81.76,24
46.245.117.81,3
51.195.103.74,56
104.144.155.170,2
93.174.93.133,26
54.210.113.231,2
185.220.101.217,38
69.156.139.135,2
106.208.123.49,2
45.184.68.211,2
209.251.18.19,2
42.236.10.121,2
23.100.232.233,33
173.245.75.52,6
52.66.242.202,42
34.229.33.209,9
193.43.118.152,2
54.36.148.23,1
54.36.148.147,1
47.52.253.226,1
18.216.15.214,1
212.75.0.249,42
160.157.5.126,2
151.80.47.30,1
168.91.80.149,22
103.57.133.5,3
172.241.242.187,14
37.120.217.164,11
80.110.118.26,197
192.210.186.140,2
173.252.127.25,1
173.252.127.16,1
194.96.191.138,23
102.108.90.215,3
41.62.179.170,1
294.0.0.20,1
186.236.36.46,88
40.88.21.235,6
213.225.15.216,31
192.227.138.123,2
102.159.209.222,1
41.227.165.80,5
197.1.9.109,3
107.172.183.142,1
107.172.183.212,1
64.225.51.246,1
176.63.8.209,2
18.159.37.249,33
172.241.243.139,8
188.40.51.138,1
52.37.53.217,8
24.147.8.212,5
173.252.95.119,1
196.224.154.179,2
45.57.220.244,2
178.115.130.13,3
45.87.60.67,9
206.41.184.13,1
173.44.222.61,2
172.241.243.16,16
197.23.66.2,2
243.0.0.12,2
18.2.0.284,70
144.138.11.180,2
205.250.229.1,1
23.82.80.196,20
172.245.211.91,2
23.236.228.88,2
23.250.44.218,2
185.86.151.177,1
188.147.97.239,36
91.230.25.200,7
40.87.105.177,21
168.91.82.130,16
51.210.242.200,1
103.96.18.224,3
95.72.65.65,1
86.82.0.186,2
177.38.242.32,1
54.36.148.233,1
162.210.196.98,16
18.223.29.227,1
78.138.20.99,74
185.162.227.186,20
69.160.29.237,3
80.122.6.67,32
102.159.154.249,2
197.232.61.231,2
179.12.238.177,3
45.80.97.218,4
199.203.101.7,27
128.71.165.79,2
198.23.201.164,4
185.81.157.102,2
197.10.71.115,1
8.210.187.44,1
213.225.10.67,70
168.151.227.88,2
93.29.41.204,5
106.222.47.247,3
54.36.149.50,2
185.105.38.46,2
85.0.564.67,2
185.220.101.134,3
78.43.204.168,138
51.75.64.187,3
198.144.120.234,27
1.4.11.8,2
142.147.108.84,2
194.96.112.31,221
62.138.6.15,147
46.150.242.32,2
85.25.177.187,114
85.25.177.219,141
85.25.177.139,160
85.25.185.103,142
85.25.210.23,121
62.138.2.160,113
85.25.185.196,142
17.58.101.200,2
85.203.44.226,1
129.56.34.88,1
13.48.53.51,1
13.77.204.88,86
207.230.100.247,14
42.236.10.88,2
42.236.10.112,5
34.123.119.162,2
88.250.138.185,1
104.168.99.123,2
173.245.75.53,2
82.165.117.55,17
192.40.95.141,2
83.0.478.18,5
185.255.133.240,1
45.120.49.53,2
112.135.232.231,1
141.101.76.108,1
3.239.129.124,1
1.65.209.180,2
66.55.76.119,1
162.223.31.190,1
223.166.151.197,1
209.17.96.74,2
78.46.176.21,4
40.77.190.182,10
54.168.179.80,1
103.112.1.29,3
212.95.5.255,2
79.110.12.149,4
191.101.92.81,2
50.86.53.153,2
54.36.148.84,1
54.36.148.93,1
198.12.108.114,2
209.99.134.45,4
162.158.203.28,7
17.58.96.177,5
77.20.15.40,2
192.36.248.249,3
192.71.3.26,2
40.77.167.63,1
145.239.211.242,1
173.66.108.90,1
96.246.31.116,1
151.106.38.74,1
47.242.151.73,1
104.236.15.155,1
109.152.62.77,2
3.249.243.234,2
5.102.173.71,2
172.241.243.52,18
134.122.9.15,1
54.36.148.43,1
54.36.149.16,1
3.64.53.164,33
196.17.234.38,2
165.231.45.203,2
197.31.193.65,7
18.221.206.247,1
109.65.25.148,2
3.236.84.92,1
144.202.74.192,1
196.224.238.216,1
198.12.123.156,2
185.107.95.213,12
209.17.96.106,3
37.46.114.112,12
23.229.58.143,2
42.236.10.77,4
23.250.11.250,5
37.9.40.96,1
185.14.194.191,1
23.82.80.91,14
46.185.127.176,3
23.250.24.59,2
88.130.59.96,32
52.158.230.150,3
213.162.73.71,2
31.125.111.225,2
192.3.27.183,7
198.20.179.216,5
190.200.24.21,3
217.149.171.92,79
112.196.162.120,2
54.36.149.86,1
88.198.140.4,5
178.165.72.177,8
77.247.181.165,10
103.133.222.123,1
217.149.173.179,1
73.192.98.26,2
45.65.49.99,3
23.229.14.230,8
104.168.82.3,2
94.153.32.212,1
128.199.145.96,5
178.112.220.184,32
68.183.153.8,1
81.164.153.9,7
195.16.30.174,2
81.164.85.254,2
168.91.80.152,20
191.102.154.211,1
103.107.198.245,2
51.15.171.127,1
23.82.80.198,10
43.229.89.40,2
62.28.204.42,120
190.0.242.217,2
197.31.247.27,7
49.237.16.84,1
162.158.91.166,1
85.90.105.201,2
104.131.189.187,1
199.231.85.194,2
90.191.197.70,1
107.173.230.254,2
49.207.221.1,2
1.53.169.162,33
212.64.65.172,2
194.88.143.25,2
107.174.33.153,10
193.95.12.70,1
41.226.22.133,1
197.23.117.111,2
185.50.250.68,1
109.162.121.181,12
193.93.193.24,1
91.204.15.17,1
193.93.193.236,1
40.77.188.84,2
40.77.190.155,4
40.77.190.148,1
40.77.190.85,2
40.77.188.145,1
40.77.188.16,1
40.77.188.178,2
40.77.188.15,1
40.77.189.54,1
40.77.188.38,1
198.12.103.56,2
107.173.85.108,2
195.246.120.118,36
37.171.31.49,2
138.94.217.161,1
95.216.172.190,16
109.228.220.144,3
46.55.25.191,2
217.149.168.194,3
34.239.171.85,1
84.209.139.0,1
131.108.118.103,2
54.195.15.26,2
54.36.148.138,1
107.158.85.2,1
95.216.96.254,44
54.37.23.114,14
3.250.235.190,1
192.111.130.2,2
104.227.32.90,2
54.37.22.98,7
54.37.22.123,7
62.201.233.59,2
209.17.96.210,1
34.247.165.168,1
54.37.22.68,7
42.236.10.75,87
42.236.10.93,94
106.76.74.76,3
23.228.109.146,15
135.181.110.88,1
83.169.39.166,2
66.249.93.56,13
66.249.93.52,11
66.249.93.54,10
197.31.227.31,3
45.57.153.61,6
42.236.10.105,3
42.236.10.82,1
216.151.180.171,1
193.83.238.138,108
196.3.171.138,2
185.217.117.115,4
94.242.62.71,2
135.148.2.94,4
3.19.143.11,1
131.107.147.94,4
170.244.0.179,2
212.126.107.230,3
39.50.74.96,2
197.31.210.161,34
106.217.22.125,4
54.36.148.144,1
156.222.35.183,23
62.149.7.163,2
113.117.134.222,2
9.4.1.121,4
89.144.193.159,101
2.20.132.2,3
217.149.169.124,64
69.58.2.53,2
82.222.98.58,3
173.195.15.175,1
176.234.224.51,1
51.15.251.17,12
185.250.46.108,1
81.22.46.196,1
83.142.52.149,1
185.89.101.155,1
54.37.23.134,7
5.188.216.203,2
5.188.217.97,1
41.45.178.60,2
110.77.171.185,2
193.93.192.237,1
140.213.58.116,2
79.110.17.149,1
83.142.52.219,1
84.100.254.253,2
45.80.105.51,1
45.153.157.86,6
209.99.129.181,2
191.101.92.116,2
110.76.148.86,3
54.36.148.38,1
168.91.83.36,14
128.199.46.160,7
99.121.60.168,1
70.126.47.173,57
207.244.65.160,34
148.251.69.139,2
198.12.110.92,2
105.163.247.127,2
36.71.48.40,2
54.36.149.88,1
172.58.155.82,1
106.180.133.33,1
51.210.242.144,2
89.144.210.4,32
81.217.128.123,68
192.111.135.21,1
18.220.246.221,1
80.110.97.136,38
197.185.105.210,40
17.58.97.16,3
128.74.45.78,9
42.236.102.209,1
103.149.21.25,6
216.74.107.237,1
95.84.237.193,7
142.68.86.3,2
209.99.164.108,1
41.35.68.122,2
156.220.80.65,1
156.209.142.190,2
145.253.118.26,73
156.223.84.59,1
197.47.128.226,2
197.59.9.58,2
178.62.82.141,7
42.236.10.84,69
42.236.10.78,64
212.95.5.226,28
188.3.3.101,2
174.76.48.252,2
34.239.155.180,1
46.246.122.85,36
35.227.62.178,3
80.73.48.253,101
209.17.40.39,32
197.27.195.104,3
156.209.16.244,22
41.36.187.32,37
83.135.236.106,111
196.156.169.86,1
173.44.165.136,1
98.184.33.210,1
107.158.85.62,1
112.86.196.49,2
188.148.223.146,2
199.58.86.211,18
92.169.12.127,2
156.179.151.36,2
194.48.80.5,85
154.237.94.153,111
107.172.45.234,2
207.46.13.51,2
179.61.142.127,2
200.119.50.220,3
193.41.87.157,1
36.71.233.133,3
207.46.13.101,1
13.92.119.142,2
52.211.209.80,1
194.59.250.144,1
34.247.54.61,2
54.255.12.210,6
140.112.152.137,1
40.77.190.68,1
54.36.148.168,1
42.236.10.69,3
175.106.18.201,2
156.222.143.182,2
13.68.244.143,3
98.185.94.94,2
101.108.188.112,2
154.237.116.75,9
31.168.162.114,2
66.70.160.187,1
207.46.13.92,1
3.227.251.237,1
31.13.127.117,1
107.174.34.50,2
156.222.1.209,5
34.223.102.114,1
106.208.27.135,1
89.187.177.105,2
80.73.9.236,1
18.224.181.48,1
196.216.95.100,2
82.64.111.227,10
54.36.149.76,1
46.11.111.22,3
88.128.92.129,32
45.61.166.117,1
106.217.22.101,1
159.203.5.139,1
41.47.71.149,1
47.242.156.55,2
41.43.91.183,10
128.199.15.142,17
136.243.153.32,1
102.159.22.166,2
95.31.119.210,2
96.255.111.247,2
156.196.125.190,2
104.198.44.83,46
81.103.70.201,2
156.209.35.39,2
5.2.69.6,1
185.220.101.2,1
89.236.112.100,1
185.220.100.241,1
109.70.100.43,3
51.210.243.185,256
72.200.69.148,2
197.31.214.112,2
192.36.52.37,3
192.71.38.71,1
65.55.210.3,1
88.206.111.62,2
101.127.242.221,6
172.245.214.245,2
91.223.32.102,4
106.220.236.238,2
62.74.153.118,2
41.33.105.226,3
111.68.99.51,2
110.229.156.30,2
209.17.96.146,2
191.101.95.8,2
18.217.9.47,1
54.36.148.14,1
170.83.179.229,2
35.201.231.127,61
192.99.37.116,2
23.98.139.6,2
41.232.29.195,31
90.214.104.232,4
107.172.1.70,4
64.119.20.98,15
42.236.10.122,4
178.32.217.133,233
41.138.102.254,2
139.162.35.102,2
47.242.170.47,2
94.62.180.203,5
91.173.78.247,11
27.106.24.245,3
145.219.89.34,2
154.237.112.198,13
156.214.242.111,1
154.182.180.56,2
101.51.141.17,2
42.236.10.90,3
156.209.220.119,2
154.237.160.103,26
187.44.214.182,2
85.128.142.108,1
72.142.92.194,1
72.142.92.196,1
185.220.101.21,1
95.216.96.242,17
197.17.167.209,8
52.204.27.85,2
197.94.197.242,2
77.170.53.92,2
40.94.35.86,1
40.94.35.2,1
40.94.35.49,1
40.94.33.12,1
40.94.33.88,1
40.94.33.77,1
170.83.179.107,3
51.91.98.249,12
52.91.79.112,1
86.105.1.131,1
92.101.200.136,9
23.129.64.201,1
1.20.100.45,2
104.227.60.113,2
107.173.19.110,2
24.242.241.142,3
66.249.66.92,1
54.78.191.228,1
176.226.184.88,1
134.122.30.37,1
45.170.228.6,4
35.231.163.195,48
174.70.241.8,4
66.249.66.208,10
66.249.66.159,33
66.249.66.206,17
209.127.181.154,2
23.95.128.16,1
104.168.57.181,1
49.207.196.20,5
64.119.16.110,4
157.46.149.245,2
66.249.66.129,25
54.36.149.14,1
86.207.46.92,2
52.114.75.71,5
77.206.60.83,2
188.162.167.131,3
35.170.74.230,1
162.210.196.100,12
107.23.140.138,18
46.193.0.123,6
91.171.55.234,172
194.254.15.184,2
42.236.10.70,2
90.70.242.242,3
185.191.171.17,3
185.191.171.16,5
185.191.171.38,5
41.229.15.252,5
52.114.6.38,4
157.55.39.49,15
52.114.14.102,2
109.209.210.169,2
34.198.110.128,1
54.36.148.74,1
139.162.13.177,1
104.214.79.46,6
41.229.15.254,7
93.80.5.61,4
20.11.2.80,12
197.2.20.207,3
185.174.156.219,2
85.53.251.32,4
156.196.194.205,66
34.125.180.244,30
196.231.243.139,2
192.3.180.251,2
66.249.66.57,1
188.170.86.8,2
197.20.118.38,1
68.190.30.26,3
79.101.110.201,1
24.135.20.241,2
77.141.60.224,41
86.201.251.107,71
62.35.7.187,143
37.143.54.42,82
51.210.183.78,2684
157.38.48.127,2
41.237.157.66,127
148.75.20.111,2
13.66.139.157,1
157.55.39.66,3
35.196.132.85,3
40.94.34.61,1
40.94.34.25,1
40.94.34.15,1
40.94.34.50,1
83.114.222.149,2
13.66.139.2,5
194.156.125.199,1
154.236.95.78,2
95.217.225.252,1
86.211.98.178,2
95.217.201.96,1
95.217.193.16,1
66.249.79.12,3
66.249.79.16,2
185.250.45.208,1
85.208.98.24,1
24.235.54.14,2
54.36.148.82,1
66.249.79.201,2
81.5.193.243,191
24.122.123.210,2
103.209.64.19,1
184.178.172.13,1
35.234.23.67,1
37.110.133.102,2
66.249.79.199,2
213.7.196.26,2
192.241.195.30,2
46.185.117.199,9
23.108.31.122,2
103.216.82.46,1
107.11.44.148,24
185.104.184.116,2
176.214.129.162,31
20.11.2.78,93
181.113.225.130,1
173.69.175.173,15
85.208.98.53,6
209.45.53.53,4
66.249.79.203,1
66.249.93.21,7
168.91.81.98,18
174.70.241.27,2
184.178.172.25,5
207.97.174.134,3
3.18.108.139,1
49.15.129.219,1
49.15.139.200,1
66.249.79.14,1
185.191.171.11,2
185.191.171.25,5
184.178.172.28,4
24.249.199.14,1
83.159.116.192,4
89.108.111.39,1
154.237.190.52,8
91.114.166.95,85
103.240.195.234,2
177.137.228.172,2
40.94.25.80,1
40.94.25.36,1
40.94.25.58,1
40.94.25.11,1
40.94.34.47,1
40.94.34.83,1
40.94.34.81,1
40.94.34.32,1
79.183.6.36,2
185.244.212.62,210
49.206.32.119,4
217.118.90.192,3
103.240.195.87,25
12.0.1.0,2
185.191.171.10,4
185.191.171.36,3
223.24.186.34,1
54.36.148.157,1
178.191.193.166,102
157.38.25.82,1
156.207.157.208,12
88.116.25.122,31
176.160.246.81,2
201.2.108.226,1
66.249.93.23,13
157.55.39.31,12
51.103.78.185,2
185.94.192.86,2
156.209.94.156,35
98.188.47.150,4
168.90.12.7,1
170.231.130.39,3
81.3.179.83,4
185.191.171.24,3
185.191.171.37,8
185.191.171.1,5
13.66.139.114,4
13.66.139.47,1
54.36.149.73,1
54.36.149.22,1
173.252.107.11,1
173.252.107.4,1
190.93.28.122,2
193.105.62.11,1
34.83.189.169,4
185.191.171.15,3
185.191.171.7,7
66.249.66.204,17
156.207.233.110,3
95.216.96.245,34
213.166.69.250,1
5.173.48.240,2
54.176.188.51,8
66.249.93.22,9
91.134.208.24,20
103.21.161.105,1
91.114.217.8,87
185.191.171.35,4
223.24.92.216,1
5.56.132.46,2
156.209.86.29,81
103.216.82.18,2
24.214.47.16,4
185.191.171.45,8
46.118.118.233,21
185.191.171.39,3
199.58.86.209,8
185.191.171.26,4
185.191.171.6,5
144.76.4.41,2
3.224.109.39,3
3.131.99.59,2
78.46.171.76,4
185.191.171.23,5
185.191.171.40,5
82.165.52.101,10
197.14.141.71,5
197.1.4.152,5
185.191.171.42,2
54.36.148.51,1
197.2.210.93,1
204.236.211.13,1
217.182.175.162,2
52.14.68.44,1
165.225.8.254,2
13.66.139.5,1
52.14.77.107,3
151.26.251.52,1
52.15.88.70,1
185.191.171.43,4
185.191.171.14,5
52.39.67.224,1
208.102.51.6,2
103.250.157.43,1
185.222.58.100,2
34.253.150.1,1
91.222.236.92,1
13.66.139.90,6
103.241.227.114,1
69.61.200.104,2
62.210.91.20,2
104.236.61.133,1
49.89.85.57,2
197.31.66.36,1
3.249.128.59,1
103.241.227.110,1
192.169.139.161,1
182.253.106.13,1
185.191.171.13,4
209.17.96.234,1
156.220.58.189,1
185.191.171.20,2
77.75.77.17,2
156.207.145.139,4
77.75.77.101,1
102.156.146.164,3
77.75.77.62,1
154.117.157.180,2
156.209.63.112,245
77.75.77.32,1
185.191.171.2,5
87.103.174.147,1
94.228.244.127,1
3.238.29.156,1
80.47.38.82,2
156.199.78.9,3
102.159.44.193,2
154.237.132.98,97
40.74.76.232,1
77.75.77.109,1
37.173.38.176,5
37.120.203.76,2
54.36.148.223,1
99.238.100.54,2
102.42.167.175,7
62.16.13.183,2
77.75.76.169,1
77.75.76.168,1
156.209.28.228,2
188.116.151.100,14
77.75.76.162,1
184.174.70.105,14
84.0.168.205,2
73.156.44.122,2
5.157.14.136,2
77.75.79.119,1
46.150.242.244,2
223.24.162.237,1
185.191.171.3,4
185.222.57.164,1
80.214.156.158,1
158.169.40.16,4
185.220.101.201,1
16.0.912.77,1
77.75.77.11,1
54.36.148.90,1
131.108.16.137,2
217.138.216.12,1
77.75.79.72,1
77.75.76.167,1
77.75.78.162,1
37.46.150.129,206
54.36.148.196,1
199.244.88.132,2
149.255.104.205,14
66.249.75.5,2
91.235.233.240,4
157.55.39.93,1
107.175.114.127,2
54.36.148.91,1
82.165.67.128,3
43.227.21.113,2
45.15.143.155,1927
192.71.103.173,1
192.71.2.171,2
192.71.10.105,1
103.87.141.85,1
34.229.161.198,20
66.181.191.63,2
52.14.51.63,1
40.77.202.153,10
157.55.39.57,4
51.195.188.98,17
46.225.251.206,2
51.89.30.175,4
41.229.15.253,3
213.197.180.91,1
197.17.71.173,1
106.54.64.26,2
49.37.170.149,8
103.105.35.83,2
88.104.219.245,7
106.222.49.39,4
77.67.20.131,2
66.249.75.203,3
66.249.75.201,8
188.22.178.228,32
179.61.134.77,2
175.157.138.31,4
54.36.148.244,1
80.98.81.169,1
146.196.33.127,7
101.51.59.107,2
196.224.176.247,1
197.0.123.239,1
87.0.664.75,199
183.232.254.243,1
54.36.185.102,1
105.112.37.168,1
186.179.52.183,1
173.234.100.231,1
177.193.189.214,36
138.94.218.236,1
138.94.217.221,1
50.63.196.205,1
160.153.154.8,1
89.46.104.203,1
156.222.104.152,7
45.40.156.14,1
198.71.238.21,1
160.153.147.158,1
188.166.234.31,1
62.210.185.4,3
50.63.197.102,1
198.71.239.8,1
154.237.196.94,37
184.168.152.66,1
50.63.92.61,1
68.183.133.231,1
160.153.153.29,1
72.167.190.208,1
212.225.148.133,1
196.224.205.171,1
101.108.192.95,2
91.19.219.238,1
185.191.171.4,5
156.207.167.100,2
108.48.106.101,3
54.36.148.216,1
66.249.75.7,4
185.231.71.159,1
103.105.35.113,8
104.160.8.27,6
101.100.129.49,2
103.96.18.145,2
112.218.231.43,2
51.77.116.173,19
172.255.81.118,1
152.57.232.239,3
66.181.185.241,4
54.162.234.173,1
54.198.87.44,2
103.105.28.177,32
168.151.227.192,1
185.191.171.5,2
184.72.163.65,1
178.165.129.224,19
213.162.73.223,64
168.119.4.44,54
154.182.168.115,1
3.239.115.162,1
139.99.189.8,9
104.160.8.131,6
45.115.86.19,2
13.92.225.227,2
156.196.165.44,31
66.249.75.13,1
23.229.58.28,2
102.129.128.85,1
154.182.183.194,36
35.243.244.235,3
180.108.207.216,1
156.199.3.97,2
54.36.148.229,1
103.129.88.7,4
102.46.105.248,5
193.180.90.55,32
5.130.72.125,3
66.249.75.199,11
102.42.78.19,3
113.31.116.92,6
52.114.142.71,2
157.100.172.73,33
157.100.173.193,33
52.114.128.37,1
132.148.151.253,1
178.63.26.114,6
41.233.92.124,7
154.237.108.33,13
45.115.184.194,5
37.228.239.64,2
68.100.149.92,1
188.22.217.101,112
185.191.171.44,3
185.191.171.9,5
168.90.196.42,4
197.242.108.229,2
138.201.19.152,1
107.172.65.227,4
196.224.227.218,4
36.110.199.141,3
36.110.199.38,2
36.110.199.161,3
36.110.199.165,2
36.110.199.140,1
66.115.165.232,1
23.241.108.73,2
156.146.35.82,1
102.157.43.101,8
23.229.64.217,2
40.94.20.47,1
40.94.20.15,1
40.94.20.5,1
40.94.20.65,1
40.94.31.44,1
40.94.31.82,1
40.94.31.93,1
78.62.210.48,3
96.231.234.14,8
74.96.119.156,4
18.188.17.243,14
13.66.139.131,4
159.203.116.241,2
192.82.75.56,4
162.214.101.177,228
206.41.187.208,2
165.231.45.79,2
192.3.142.214,6
182.70.20.58,2
66.249.66.149,1
185.168.251.127,1
79.181.218.99,2
109.230.218.50,2
49.12.102.81,5
128.30.52.96,1
103.148.22.248,1
179.61.134.201,2
3.22.97.72,1
34.230.78.27,2
182.253.14.35,2
107.152.188.239,2
185.191.171.19,2
79.148.145.136,1
173.231.59.214,181
82.196.5.194,1
54.92.185.24,18
103.149.21.37,2
93.28.143.153,91
138.128.61.137,6
52.201.223.65,18
80.215.75.226,21
90.119.57.168,64
109.18.8.109,26
82.231.97.17,150
101.167.66.186,7
66.249.93.217,11
66.249.93.219,12
66.249.93.218,10
66.249.81.148,15
66.249.81.152,8
66.249.81.150,11
66.249.93.200,1
54.36.148.86,1
79.82.144.58,27
54.36.148.184,1
94.245.133.11,2
157.34.84.230,2
107.175.35.184,2
3.239.40.250,1
165.225.120.254,2
107.174.149.224,8
199.223.119.207,20
13.66.139.129,2
77.128.58.231,2
34.237.1.34,2
45.137.43.116,4
45.136.231.66,2
45.130.255.252,1
45.130.60.163,1
67.242.58.228,2
40.94.28.131,1
40.94.28.178,1
40.94.28.179,1
187.190.74.223,2
199.223.117.16,14
64.139.79.35,2
37.228.230.135,3
190.42.133.107,1
40.77.167.67,1
81.111.111.33,2
64.225.6.139,2
92.40.168.36,2
196.17.158.221,2
3.238.156.254,7
23.94.66.127,2
223.185.94.223,2
181.211.36.98,2
223.185.78.206,2
68.250.227.30,3
86.202.217.116,1
34.237.52.197,1
42.236.10.89,3
98.126.155.250,1
51.83.193.144,1
157.44.190.217,1
93.39.25.223,2
107.172.78.115,2
88.160.189.224,2
27.0.3.145,2
45.145.185.156,4
194.135.75.74,5
112.105.250.87,1
34.234.172.143,2
86.18.62.10,2
193.164.15.130,94
90.154.71.226,1
93.221.205.59,8
80.110.103.181,80
72.26.32.102,1
46.32.86.171,68
54.36.148.197,1
89.44.247.137,2
91.121.79.16,1
88.198.21.207,2
198.245.69.109,2
13.233.199.76,2
52.114.77.26,4
42.236.10.76,1
149.255.104.132,14
107.173.112.150,3
89.163.221.136,1
152.89.162.226,38
185.191.171.22,2
193.238.171.212,2
103.149.158.71,1
5.189.133.231,2
41.237.139.173,1
45.57.228.131,2
79.137.103.190,8
199.223.116.24,16
196.235.172.16,1
64.246.165.150,2
23.236.228.30,2
45.57.228.235,2
185.81.157.115,2
212.102.45.23,4
96.113.165.182,2
93.72.244.63,2
103.216.96.26,4
198.12.125.237,4
23.250.35.54,2
175.157.8.226,2
137.254.7.181,2
20.82.1.6,3
103.143.77.22,4
156.209.140.10,1
212.232.77.106,22
173.252.79.20,1
3.18.111.111,1
77.148.141.179,2
86.12.196.9,4
160.202.106.209,2
93.175.239.124,9
5.253.19.34,1
78.107.205.115,8
91.195.185.55,36
89.254.212.211,52
77.126.6.236,2
80.230.22.118,2
13.209.28.104,2
177.20.207.224,33
77.204.104.215,1
77.204.197.239,33
86.41.171.156,1
140.122.127.190,45
223.72.78.88,1
42.236.50.238,1
35.160.34.243,2
173.208.130.202,2
91.108.28.119,6
84.21.191.135,1
104.144.34.146,1
149.154.161.12,1
91.219.215.105,2
188.78.186.171,1
103.72.177.3,2
5.194.163.182,2
82.80.249.211,1
82.80.244.59,103
82.80.230.228,117
82.80.249.164,7
82.80.249.157,3
82.80.249.133,3
82.80.249.155,5
82.80.249.204,4
12.0.742.91,1
82.80.249.227,7
82.80.249.163,4
82.80.244.51,2
82.80.249.143,2
66.249.75.217,1
162.158.203.27,1
104.155.38.91,5
207.230.100.121,12
54.36.148.44,2
18.202.32.11,1
80.161.155.142,12
49.7.20.149,1
52.203.41.188,17
103.217.166.152,2
104.225.187.44,2
54.237.173.29,2
157.14.244.175,2
18.236.221.203,1
88.198.118.239,4
212.227.215.32,1
192.71.23.211,2
192.71.44.44,2
54.36.148.214,1
54.212.74.242,4
108.179.240.91,1
13.53.64.97,2
103.115.14.1,2
192.82.72.133,2
168.151.226.249,1
13.66.139.141,1
104.227.190.243,2
85.127.47.133,125
2.10.158.246,3
23.95.3.253,4
92.61.51.2,137
192.227.212.237,2
49.207.201.226,3
213.162.73.191,122
177.72.200.2,2
88.1.117.164,2
107.173.112.189,2
104.227.254.176,2
41.42.12.89,1
2.21.11.3,1
197.238.94.210,1
192.210.168.227,2
104.168.99.112,4
46.196.81.147,4
197.166.149.154,3
3.236.216.182,1
5.188.167.233,3
37.46.114.114,10
104.144.125.134,2
54.171.156.46,1
23.229.11.233,2
181.129.7.202,1
104.144.103.33,2
77.35.62.85,2
157.45.32.252,2
54.36.149.102,1
89.187.175.149,2
107.172.65.235,2
107.173.202.194,2
162.158.203.21,1
79.110.130.199,4
95.161.223.139,2
213.225.3.231,103
91.169.85.96,30
103.143.77.104,2
86.121.112.243,2
42.236.10.109,2
89.144.203.222,73
107.174.149.195,2
94.233.241.43,2
92.38.148.61,1
178.66.228.18,8
81.169.236.226,2
89.144.201.243,107
45.89.174.72,96
197.166.139.157,2
213.225.1.42,32
213.162.73.226,106
46.105.87.167,2
42.194.193.98,20
84.151.181.181,34
95.55.158.13,10
185.96.162.120,4
70.37.91.38,17
72.88.141.41,2
64.233.172.169,1
64.233.172.171,2
167.99.211.171,1
43.248.20.111,21
189.13.113.190,1
94.130.102.72,19
212.227.215.65,1
99.242.83.28,2
66.249.75.9,1
164.78.248.244,31
160.202.106.121,2
175.120.64.103,2
104.144.45.167,2
18.136.242.161,2
182.150.59.39,6
89.187.168.153,2
198.46.148.151,1
107.172.208.199,2
46.174.115.12,1
189.244.250.138,3
75.158.149.241,2
5.1.38.731,4
154.213.3.117,57
161.0.7.252,1
46.61.152.191,11
178.44.47.170,2824
64.72.119.14,2
188.227.10.36,9
178.62.192.87,2
14.192.143.124,1
89.44.247.192,2
3.19.243.250,1
93.185.28.116,2
45.136.228.159,1
173.213.85.111,10
209.127.164.152,1
181.177.96.175,1
213.98.115.12,60
134.175.90.111,2
101.133.226.119,1
34.236.55.223,6
193.41.87.139,5
77.119.131.0,85
35.230.162.59,1
80.93.255.170,84
103.89.232.177,2
212.159.91.225,5
86.105.183.44,2
92.118.211.195,2
66.249.75.108,5
141.101.105.131,1
5.45.65.236,1
104.46.207.210,12
213.162.73.190,1
183.83.146.25,4
173.44.223.53,12
196.242.195.115,2
92.118.208.210,12
157.55.39.61,1
156.209.200.143,2
23.231.39.131,5
5.157.19.96,7
149.154.161.19,1
23.231.39.253,4
5.157.19.157,9
45.61.160.103,7
102.165.63.242,1
54.36.148.126,1
45.80.97.189,4
182.189.89.62,4
73.113.14.86,3
149.255.104.243,18
34.234.54.252,20
31.18.195.145,1
95.217.107.218,1
45.61.160.97,6
95.217.201.149,1
95.217.202.99,1
92.118.208.191,7
5.157.19.219,6
67.132.3.167,2
92.118.208.176,8
195.211.30.115,2
91.115.219.147,12
86.106.90.103,6
94.241.200.191,203
152.234.184.219,1
95.163.255.191,1
95.163.255.183,1
49.207.143.163,3
173.44.223.70,13
154.72.197.106,1
99.170.166.37,4
193.41.115.50,8
23.83.179.179,9
186.193.177.107,1
45.128.24.24,1
45.142.28.232,1
3.17.203.79,1
107.158.8.238,11
81.151.2.175,32
102.156.21.123,5
14.192.29.99,1
81.209.177.145,2
197.237.188.76,2
185.44.13.36,7
157.47.235.249,3
93.51.172.34,2
95.229.138.72,1
159.224.244.11,1
144.217.70.190,1
31.16.115.239,3
223.185.68.3,2
78.37.41.192,2
110.93.199.45,2
46.19.141.86,2
95.91.42.30,2
178.162.204.214,3
82.193.104.168,1
185.245.85.23,1
193.122.126.244,1
91.160.52.81,3
204.185.84.116,1
142.117.229.240,2
2.178.63.117,1
73.93.15.134,2
138.201.19.153,1
82.64.39.228,2
95.163.255.121,2
94.19.195.216,53
86.168.153.178,4
62.210.92.175,1
66.249.69.145,14
66.249.69.144,17
135.148.2.77,1
173.44.223.225,3
165.231.212.14,2
178.70.254.11,5
86.105.183.61,2
54.36.148.63,1
178.175.132.68,2
162.158.91.110,1
209.99.134.237,2
13.66.139.12,1
201.87.100.101,1
103.102.14.185,1
154.61.227.9,1
91.137.17.204,25
54.75.64.245,1
209.17.97.18,1
185.88.37.204,1
107.158.8.197,7
185.17.2.33,2
161.0.156.170,2
182.74.184.211,2
167.88.60.251,1
207.46.13.102,2
95.25.120.110,85
176.59.98.17,52
188.243.183.248,2
103.42.249.250,20
157.46.217.252,2
209.99.173.49,5
95.163.255.155,1
95.163.255.150,1
51.222.43.159,15
51.77.129.167,31
207.46.13.29,6
40.77.191.10,10
207.46.13.31,7
93.185.28.39,1
1.85.219.22,1
45.150.66.158,2
191.101.99.11,3
193.41.87.150,9
23.90.31.72,1
129.27.100.110,130
66.249.75.110,6
66.249.75.112,2
95.67.186.250,2
89.159.228.206,72
47.247.137.236,6
23.83.179.74,2
196.242.200.154,2
198.12.93.101,2
45.242.141.45,2
188.27.128.89,32
196.242.200.41,2
78.225.28.58,6
46.63.248.156,2
135.148.2.82,1
13.66.139.39,2
49.237.19.218,2
178.66.159.93,2
167.114.196.97,1
78.37.41.33,4
37.13.176.28,2
85.144.245.207,75
27.128.230.74,4
82.208.115.152,5
144.168.146.19,1
104.227.172.226,1
194.36.144.72,1
98.210.79.34,4
45.134.187.36,1
23.254.91.113,1
209.99.165.141,12
42.236.10.108,1
177.201.164.220,1
109.127.18.197,67
207.46.13.210,4
13.66.139.20,1
84.17.51.145,2
82.145.220.206,4
129.126.58.245,2
76.226.177.207,7
66.115.146.163,28
107.158.8.138,1
192.71.30.89,2
54.36.148.22,1
173.245.211.90,2
45.61.160.82,4
79.110.52.246,1
34.241.77.13,6
173.236.176.129,5
78.37.41.59,7
89.44.247.52,2
23.94.20.155,4
5.188.62.76,102
173.44.223.229,7
46.245.75.96,1
185.164.59.88,2
103.42.254.102,1
103.28.114.94,2
178.71.50.227,12
93.143.198.124,1
95.163.255.39,1
95.163.255.32,2
40.77.191.25,1
40.77.191.54,1
40.77.188.176,1
40.77.189.19,1
40.77.189.1,1
185.14.184.53,3
198.105.117.185,4
185.181.61.24,1
78.26.10.197,1
34.93.66.5,2
193.43.118.41,2
92.100.234.250,2
54.36.148.16,1
46.4.83.150,10
86.0.622.69,2
78.46.94.83,1
144.76.162.206,3
91.102.115.106,5
109.173.155.86,2
46.169.214.103,2
173.44.222.104,5
151.37.201.243,3
106.51.110.36,2
3.239.72.5,3
54.147.173.229,2
3.237.40.54,2
54.226.92.40,3
3.84.102.47,2
35.171.169.108,1
35.171.166.69,1
3.238.71.184,2
3.81.111.180,2
54.210.156.218,2
184.73.143.217,2
3.94.52.119,6
3.216.95.137,1
45.87.248.53,1
45.130.255.59,2
185.126.66.26,2
45.136.173.91,2
45.120.50.213,2
45.136.231.173,1
182.54.239.93,1
52.161.95.75,1
107.180.235.105,1
49.37.186.249,1
45.141.176.156,3
45.8.134.182,3
184.168.146.10,2
3.232.133.141,2
45.92.247.211,2
45.94.47.243,2
83.36.215.51,4
45.137.195.108,3
198.154.92.124,2
185.182.56.216,1
65.36.196.34,4
46.0.92.51,3
85.93.145.225,2
192.111.130.38,1
45.87.248.39,2
45.136.231.23,1
69.163.163.198,4
45.142.28.77,2
185.95.157.145,1
89.44.9.71,1
46.4.121.149,1
45.9.122.203,2
45.136.231.4,1
89.46.105.248,1
45.128.24.39,1
45.152.208.10,1
69.163.152.113,4
149.154.161.3,1
77.75.76.165,2
196.121.147.54,3
157.7.188.95,1
45.61.160.107,8
84.21.188.11,1
193.8.56.5,1
185.223.234.69,2
182.54.239.119,2
193.8.215.0,3
49.44.122.6,1
209.87.159.240,2
23.231.39.116,5
95.216.42.246,3
132.148.39.139,2
13.66.139.1,2
189.4.77.230,34
185.220.101.22,5
99.42.33.227,86
54.36.148.104,2
185.46.229.138,6
89.44.234.94,1
162.254.150.6,1
43.240.31.31,1
23.254.12.123,2
62.109.151.13,1
37.133.65.239,3
158.222.15.38,2
92.118.208.195,7
212.121.224.17,4
45.136.231.230,2
107.152.230.231,1
23.229.119.166,3
45.142.28.23,1
73.164.254.135,40
35.227.67.66,1
103.252.161.235,5
35.227.83.26,1
93.188.2.5,6
54.38.143.226,2
196.196.112.69,1
37.247.40.133,2
198.46.81.18,4
35.214.221.212,4
223.185.100.247,2
101.51.121.203,1
95.54.159.192,1
143.244.39.158,2
192.142.207.52,7
52.90.82.135,2
106.220.123.65,2
23.231.39.103,7
46.105.107.181,2
176.235.164.177,1
49.44.84.196,1
192.142.160.195,5
89.46.91.117,1
47.91.128.217,3
91.79.51.29,2
188.166.218.146,2
49.37.219.235,2
196.240.173.11,2
80.90.199.120,3
103.225.13.245,3
89.144.205.77,21
52.14.67.251,1
77.68.74.152,5
103.156.151.117,9
18.135.18.50,12
67.205.38.14,4
185.182.56.183,2
91.208.99.2,2
27.57.189.197,3
91.212.213.93,2
89.46.105.243,1
146.120.75.239,8
149.129.105.68,2
200.69.105.194,2
162.241.225.222,1
195.248.240.36,4
185.138.241.232,1
93.185.26.129,3
99.237.80.16,6
209.99.165.185,7
223.185.84.13,1
185.138.241.128,10
173.44.222.191,6
209.17.96.242,2
193.41.115.57,4
54.36.148.238,2
198.71.227.6,2
200.53.219.34,4
165.84.219.23,1
89.39.83.172,2
158.222.1.21,1
165.84.219.59,1
141.101.76.225,1
188.214.17.22,1
78.85.17.64,2
65.129.76.137,4
20.80.242.73,2
91.108.30.190,2
173.231.197.187,1
67.227.250.91,3
162.254.204.58,1
106.14.137.64,2
154.86.202.22,5
192.64.52.78,2
91.134.248.253,2
77.201.236.81,6
51.68.11.215,4
107.180.109.49,1
208.113.170.111,2
185.96.162.78,2
46.209.144.158,1
51.68.11.203,7
167.172.205.158,1
51.68.11.211,4
149.255.104.211,8
91.134.248.235,3
37.140.192.157,2
98.226.62.173,2
184.154.139.171,1
77.83.81.61,2
5.23.51.102,1
103.211.216.130,1
138.201.64.72,4
68.66.248.39,1
50.62.177.160,1
195.154.118.76,1
95.12.102.131,1
92.204.66.7,1
108.165.192.101,2
79.96.120.120,1
94.130.52.124,2
45.174.41.196,3
103.250.185.39,1
35.188.172.154,2
186.202.161.42,4
198.102.30.134,1
173.44.223.4,5
46.175.70.69,5
216.244.87.58,4
104.227.146.59,2
135.125.91.32,6
107.181.112.2,2
51.68.11.199,2
107.158.84.172,1
99.237.36.218,3
23.231.39.225,4
139.196.234.69,2
170.83.176.230,2
78.47.162.234,1
78.88.141.39,2
192.145.239.215,1
89.46.105.145,2
77.68.64.29,1
66.165.242.66,1
49.37.181.84,1
195.154.122.232,12
51.68.11.231,3
209.250.240.7,2
82.79.232.109,1
181.112.159.194,1
46.253.39.142,1
31.28.24.113,2
5.157.19.141,5
66.249.69.146,8
191.102.148.165,2
167.71.102.17,1
107.172.64.186,6
43.252.106.58,3
94.181.33.149,1
52.15.212.3,2
37.131.204.41,6
20.0.782.964,1
208.109.43.16,2
107.173.44.246,2
41.250.64.10,2
23.94.6.120,4
178.115.128.174,121
92.118.208.23,8
5.157.14.242,2
81.88.49.35,1
84.175.254.26,68
66.102.6.80,3
66.102.6.81,2
185.85.17.42,3
213.32.93.79,1
95.128.73.213,3
2.57.137.2,2
185.17.231.248,3
76.174.194.129,2
81.2.195.47,1
173.236.144.125,1
78.183.36.5,9
45.72.23.97,4
107.172.66.212,2
62.90.62.138,1
64.202.116.125,2
77.245.149.29,1
91.250.7.86,2
47.240.46.83,3
45.137.40.125,1
45.140.14.186,2
52.249.192.241,9
85.93.89.91,2
103.218.240.75,4
136.243.54.204,1
81.88.49.26,1
5.181.218.20,1
107.152.188.236,2
132.148.179.231,3
91.76.246.106,2
186.202.161.213,1
191.102.150.175,2
95.163.255.36,1
82.165.85.225,1
37.1.205.10,1
193.29.107.247,38
45.81.138.99,2
178.189.179.100,44
5.3.214.99,2
20.9.3.189,2
42.236.10.116,2
149.28.143.28,2
199.247.35.34,2
162.215.253.9,1
89.184.76.239,2
157.34.30.195,2
223.27.47.131,2
185.208.164.148,2
51.68.11.195,1
192.186.171.237,2
193.70.81.132,3
51.68.11.223,2
162.158.91.4,1
5.61.27.215,1
47.240.98.190,1
46.125.250.101,32
106.210.171.84,1
181.214.63.106,1
207.46.13.2,2
40.77.189.23,3
40.77.188.11,2
40.77.190.147,1
40.77.189.69,1
40.77.189.215,2
40.77.188.210,1
40.77.190.22,1
40.77.188.30,1
40.77.189.65,2
40.77.190.99,1
40.77.191.55,1
40.77.167.29,6
159.192.240.122,2
110.137.77.8,2
23.23.122.170,2
108.28.75.5,2
91.141.3.207,1
46.213.174.109,3
209.99.173.27,7
107.175.85.90,4
89.46.104.176,1
45.142.157.40,1
154.56.135.135,1
45.120.149.203,2
66.249.88.214,8
66.249.88.212,10
66.249.88.59,6
66.249.88.60,6
66.249.88.61,5
66.249.88.210,4
66.102.6.79,4
104.140.103.41,110
157.7.105.247,1
131.108.16.124,1
185.104.219.152,2
185.42.105.4,3
212.187.48.150,2
185.154.54.2,4
82.211.50.153,1
46.30.40.97,1
54.36.148.241,1
34.240.186.38,1
213.190.6.136,1
5.9.11.241,3
217.29.63.235,1
51.68.11.207,3
54.178.182.46,6
185.104.219.186,2
208.113.153.217,2
182.50.132.99,1
139.99.90.231,3
144.91.125.197,2
181.129.70.82,2
87.236.20.159,1
155.94.171.122,4
91.238.160.176,2
31.31.196.248,1
194.156.118.13,2
5.157.14.145,1
18.197.125.181,2
207.210.254.157,2
66.23.252.226,1
185.104.180.84,2
81.88.49.27,1
142.44.138.126,1
107.152.255.242,2
45.30.94.236,8
144.168.201.224,2
178.189.144.2,38
109.94.220.212,2
198.12.72.35,2
41.92.20.220,3
41.92.81.243,7
69.30.226.234,2
94.19.202.47,2
181.177.96.96,1
200.10.37.246,3
88.120.102.2,1
23.83.179.190,5
213.225.9.190,1
162.158.93.146,1
181.102.68.171,2
36.79.251.66,1
188.165.246.50,1
197.238.11.86,1
193.8.231.24,1
45.142.28.125,1
45.136.228.182,1
18.205.176.5,1
188.242.215.169,66
93.43.200.230,3
167.99.221.14,1
18.194.196.202,2
107.158.9.241,1
146.255.139.205,2
23.106.249.39,25
91.83.227.189,2
178.90.194.201,1
185.245.85.44,2
209.99.173.113,5
89.163.210.217,1
178.251.26.128,2
205.196.221.70,1
157.55.39.16,9
13.66.139.61,1
50.3.89.186,2
31.31.198.151,1
62.98.36.57,37
192.126.208.161,2
91.92.34.158,6
45.179.196.5,1
50.250.56.129,2
92.118.144.74,1
93.185.27.69,1
95.163.255.34,2
5.9.154.68,8
46.4.168.53,2
185.9.147.250,4
91.134.248.249,2
81.88.49.6,1
165.231.178.22,4
192.3.57.241,4
181.214.1.53,2
200.58.110.67,1
107.158.8.194,8
54.36.149.9,1
196.196.112.210,2
80.17.127.226,2
37.59.75.139,4
198.12.243.230,1
81.2.195.48,1
47.89.31.26,1
223.185.78.201,2
5.157.19.161,4
35.230.17.216,1
104.207.241.2,1
47.240.81.77,2
159.65.30.80,1
162.158.91.46,1
209.17.97.98,1
94.181.47.232,3
155.133.132.65,2
51.68.11.227,1
95.168.209.94,1
39.128.6.115,33
13.66.139.41,5
103.237.108.115,3
52.3.228.220,3
52.90.186.105,3
3.91.215.223,2
3.236.149.97,1
54.146.219.145,1
3.236.8.81,3
18.232.118.175,1
3.228.12.105,1
107.23.34.107,2
31.28.162.169,1
79.106.166.154,2
89.46.104.189,2
148.66.147.33,1
207.32.178.151,1
54.37.121.239,1
52.30.16.188,6
178.208.83.21,2
157.46.248.36,2
85.214.211.164,3
52.91.161.255,1
3.227.255.16,2
3.236.136.114,2
3.88.163.69,3
34.231.241.44,2
173.249.144.20,1
149.202.196.101,1
70.32.23.77,1
91.228.197.202,2
81.88.49.11,1
38.145.210.205,4
208.97.177.90,2
144.217.5.119,1
95.179.156.206,2
184.174.71.70,4
68.66.216.16,1
64.145.94.34,2
45.130.144.77,2
64.90.48.204,5
194.34.132.58,10
45.130.60.153,2
2.56.101.234,2
45.151.104.140,1
154.0.161.131,1
108.161.122.224,2
91.207.172.190,34
84.127.32.90,2
47.52.30.46,1
89.46.104.201,1
45.138.101.191,2
176.99.9.19,1
188.170.86.77,3
207.148.121.180,2
176.9.64.212,10
101.127.85.162,1
185.161.71.165,1
82.208.124.21,73
173.44.223.46,1
13.66.139.8,6
129.227.156.197,3
101.80.41.215,5
81.88.49.25,1
182.52.241.161,1
45.79.214.117,1
89.144.141.241,1
196.196.255.190,2
37.152.88.95,2
170.75.251.12,1
90.168.34.174,3
198.23.212.92,2
89.46.108.210,1
176.103.92.134,12
103.115.255.165,3
31.207.34.92,1
173.234.48.69,2
188.65.237.16,1
103.138.4.39,1
46.16.59.124,2
107.173.226.122,2
83.233.207.74,1
27.254.153.10,1
185.182.56.221,1
108.165.192.131,2
108.165.192.160,2
217.107.219.154,5
34.213.43.123,1
3.90.65.68,1
45.8.134.59,1
45.142.28.62,2
193.8.231.1,1
66.33.194.39,2
45.67.212.121,2
47.24.154.33,79
81.17.20.50,2
46.21.198.188,1
2.56.101.236,1
46.252.205.142,2
182.54.239.135,1
185.250.39.247,1
103.27.239.137,2
70.32.23.51,1
98.248.181.84,7
18.221.45.58,1
89.44.247.214,2
66.129.241.10,3
91.226.116.69,1
174.75.211.222,2
86.105.183.227,4
5.9.108.254,2
185.245.85.57,2
182.253.108.50,1
5.102.58.41,1
98.162.96.52,2
158.58.187.212,2
212.243.177.218,36
146.228.113.46,2
168.119.101.117,1
181.214.188.184,1
82.211.58.62,2
196.242.200.169,2
45.87.61.109,4
92.118.211.14,6
49.36.75.172,1
42.236.10.74,2
173.236.184.135,2
175.101.108.8,2
188.0.184.78,3
54.36.148.71,1
157.55.39.8,1
109.252.179.56,1
88.0.705.50,6
154.73.113.44,1
154.73.113.84,1
45.66.209.55,2
103.217.156.171,2
45.154.58.113,2
45.92.247.214,1
45.86.15.66,1
185.95.157.96,1
195.88.86.7,4
109.175.97.243,1
167.114.233.118,2
94.191.152.36,3
81.88.49.57,1
138.75.63.189,2
18.208.183.5,1
185.242.6.5,2
5.164.200.24,3
63.135.187.188,4
40.77.167.60,2
47.44.213.179,2
78.37.16.168,1
24.193.119.189,1
92.251.16.65,38
162.222.195.88,1
31.13.103.7,1
31.13.103.20,1
192.82.253.94,2
144.76.167.53,2
64.225.15.145,1
45.137.43.131,2
45.142.28.79,2
45.87.249.108,2
45.152.202.230,2
51.254.182.54,3
168.119.88.224,2
178.63.51.106,1
5.157.29.142,18
69.181.255.16,2
104.248.160.45,1
62.122.201.241,3
46.29.249.166,16
5.157.29.93,24
195.88.86.9,36
200.5.216.162,3
196.242.195.157,2
157.245.106.153,2
196.242.195.91,2
180.252.236.110,3
92.118.211.139,2
199.126.202.248,20
183.197.56.64,2
46.99.252.42,3
185.85.189.90,2
185.207.177.47,2
23.81.232.207,2
49.204.95.242,2
82.117.212.186,190
296.0.0.12,4
187.190.237.71,3
195.2.92.46,8
168.81.227.85,2
88.204.50.81,31
75.134.55.44,12
107.175.206.119,2
46.8.28.4,2
165.225.76.245,1
109.2.167.165,2
54.36.149.101,1
201.46.81.249,3
89.64.38.125,11
95.169.224.215,3
73.137.59.216,1
185.205.194.117,1
45.129.124.35,1
46.119.94.239,1
187.107.26.43,76
193.221.116.99,35
2.59.21.136,1
45.94.47.242,1
37.165.54.159,6
185.95.157.156,1
45.135.36.215,2
185.245.85.8,2
92.118.208.236,1
91.141.3.225,24
155.94.166.23,2
81.159.1.173,4
91.156.4.159,6
3.239.233.139,7
192.3.208.123,2
197.48.126.242,5
103.107.196.204,22
194.244.16.53,6
178.197.226.142,33
45.152.208.166,2
45.87.248.231,1
23.81.230.145,10
45.142.28.223,1
45.9.122.232,1
185.95.157.180,2
45.92.247.36,1
103.192.156.169,3
45.130.255.227,1
104.227.106.188,2
70.73.119.6,1
103.204.109.166,2
77.75.77.72,2
212.1.97.254,3
104.131.51.209,65
148.72.64.192,1
27.42.168.46,3
62.87.151.138,2
192.126.226.170,1
107.175.108.166,2
198.23.217.81,2
88.218.67.81,2
50.62.35.16,4
34.93.163.12,1
17.58.101.181,4
17.58.97.136,5
37.221.204.206,1
81.31.241.193,2
45.80.107.56,2
54.36.149.1,1
103.19.255.92,3
45.61.160.68,8
106.51.21.195,4
42.106.161.71,1
191.103.254.145,3
104.227.133.192,1
195.2.92.155,1
88.218.65.250,2
2.56.101.232,3
185.95.157.80,2
209.127.166.12,2
27.55.73.222,3
46.29.249.160,22
100.24.216.83,2
23.81.230.148,12
103.31.24.84,3
41.73.9.101,2
185.205.194.37,2
64.71.185.224,1
66.220.149.10,1
31.13.115.3,13
31.13.115.19,12
31.13.115.18,5
31.13.115.2,2
223.235.146.95,2
103.112.86.174,3
78.83.149.63,99
103.124.108.85,2
62.47.192.186,36
46.29.249.28,16
102.40.50.228,2
103.15.250.25,1
54.36.148.165,2
54.36.149.15,1
103.110.144.245,4
157.47.113.16,1
2.21.1.13,1
41.62.176.196,2
206.41.164.86,1
93.107.7.44,2
1.20.184.238,1
88.198.27.26,8
5.255.253.103,2
209.17.96.178,1
197.8.168.3,3
5.157.29.249,12
75.115.248.248,1
107.158.8.149,6
45.130.60.114,1
95.30.249.140,21
78.60.111.211,3
191.96.253.87,1
31.15.89.51,2
71.95.131.101,2
181.48.70.30,3
42.60.22.133,4
46.29.249.153,16
23.94.6.102,2
2.56.101.227,2
192.3.57.240,2
193.8.231.223,1
54.240.198.36,2
54.210.165.250,1
3.235.159.79,2
3.92.20.172,2
3.239.116.250,1
18.214.15.195,3
3.88.103.130,3
34.238.251.178,1
35.153.135.149,1
3.90.245.170,1
3.83.42.206,2
34.200.215.136,1
34.227.87.120,3
35.173.234.3,3
3.236.50.36,2
217.160.42.149,1
209.99.173.194,2
84.114.216.220,43
54.36.148.166,1
46.119.94.217,12
91.210.47.85,3
80.80.164.164,2
193.8.231.69,1
45.154.244.249,1
45.9.122.163,1
107.152.188.238,2
164.90.128.158,1
45.86.15.29,2
45.72.55.166,1
45.142.28.38,2
217.182.171.46,1
5.34.180.192,51
192.198.124.170,4
104.144.89.189,2
66.150.70.236,2
173.47.243.103,7
88.0.705.53,13
74.15.141.72,2
223.25.14.66,3
193.8.231.196,1
185.164.56.252,1
138.128.84.183,2
107.158.9.228,1
198.23.174.62,2
43.229.88.80,2
35.153.198.119,2
34.228.216.247,2
107.23.115.253,2
18.205.109.94,1
3.87.178.89,1
3.89.207.13,1
18.209.240.28,1
3.93.191.134,1
3.238.227.78,1
35.171.133.136,1
52.55.155.10,1
3.236.58.182,2
34.232.63.141,3
54.88.243.123,1
54.89.255.25,1
18.209.212.252,1
54.174.231.106,1
3.84.36.205,2
3.84.122.202,1
175.107.215.88,2
107.3.187.115,1
52.143.95.148,4
195.123.209.118,33
83.171.98.129,3
23.250.118.25,2
20.0.782.100,1
20.0.782.566,1
103.43.112.97,5
193.56.36.21,1
103.70.196.205,1
40.77.167.4,7
104.211.119.169,3
205.169.39.84,22
103.66.79.164,2
182.54.239.104,1
45.154.84.126,1
14.139.241.87,2
207.244.117.146,2
45.94.47.132,1
45.130.60.19,1
143.224.187.249,82
45.130.255.240,1
131.161.68.45,3
45.142.28.85,1
104.140.73.86,2
168.197.14.2,1
165.227.205.192,1
89.38.11.16,3
197.4.70.250,3
197.4.234.33,3
297.0.0.6,3
197.2.147.80,6
66.115.181.227,1
213.127.110.216,2
38.140.230.210,3
190.182.88.214,1
23.228.109.147,12
197.240.131.161,18
168.232.189.243,3
192.241.84.124,2
185.206.225.136,3
197.16.93.122,1
47.52.227.14,1
84.16.235.129,32
157.55.39.212,1
40.77.191.30,2
40.77.188.223,2
40.77.188.49,3
40.77.190.131,2
40.77.189.13,1
40.77.188.177,1
40.77.188.219,1
40.77.191.58,1
73.140.2.14,2
178.71.208.198,4
217.160.69.252,1
177.74.117.158,3
51.89.165.197,1
182.78.194.78,3
103.66.79.235,3
185.95.157.188,1
193.8.231.42,1
107.189.10.243,1
193.8.231.45,1
45.142.28.33,1
45.136.231.60,2
45.128.24.242,1
45.152.202.173,1
45.130.255.46,2
34.236.18.197,2
45.130.255.68,2
185.95.157.197,1
45.154.56.13,1
185.164.56.67,1
193.8.56.68,1
144.168.149.223,1
182.54.239.108,1
2.56.62.144,2
13.66.139.69,11
5.9.141.8,8
88.198.36.62,1
193.43.118.228,2
45.86.15.185,1
45.137.60.67,1
185.164.57.206,1
185.126.65.17,1
108.241.2.53,1
195.181.167.149,16
5.165.204.48,31
45.87.249.68,1
73.71.24.18,3
45.142.28.88,1
170.130.126.223,1
24.72.128.77,34
173.252.127.112,1
173.252.127.29,1
173.252.127.28,1
152.57.99.75,2
176.42.41.129,34
139.180.174.93,2
178.159.37.104,34
103.117.203.236,4
94.177.244.23,1
36.83.44.197,1
185.139.70.143,1
54.175.74.27,2
197.1.221.117,2
68.183.151.254,1
45.178.210.21,36
209.141.59.205,1
207.46.13.64,1
81.25.228.251,3
41.90.126.158,3
80.89.150.134,3
95.217.203.182,1
95.217.201.53,1
95.217.226.59,1
134.209.167.211,1
37.120.205.149,562
161.97.130.152,1
154.70.58.116,2
54.36.148.56,2
5.8.16.170,1
51.81.139.97,1
52.251.115.199,10
213.142.96.239,17
213.225.33.133,74
197.210.155.158,3
40.112.215.58,6
103.220.206.122,3
34.254.186.219,1
13.66.139.124,2
159.203.170.236,1
52.188.34.21,23
106.240.89.60,3
172.104.160.11,2
173.212.246.178,2
129.146.114.219,132
103.138.212.242,2
110.172.101.228,3
18.219.130.53,34
42.236.10.110,2
27.61.208.244,54
54.36.148.189,1
54.36.149.31,1
46.227.162.98,1
101.108.155.33,1
13.66.139.139,1
3.235.191.217,1
209.17.97.34,2
80.121.57.246,73
87.116.165.168,2
88.0.705.56,57
72.46.199.137,1
27.115.124.6,36
27.115.124.38,42
79.134.223.227,1
89.23.32.123,1
54.36.148.75,1
92.241.57.182,4
185.244.38.118,1
23.94.176.161,1
2.147.145.240,1
176.74.150.28,3
91.218.15.59,8
85.214.18.147,2
41.62.177.13,9
139.170.40.16,2
213.226.11.149,3
199.184.215.11,2
91.207.102.151,2
107.172.99.29,2
90.183.101.238,3
54.36.148.250,1
94.139.161.18,2
189.33.181.42,3
212.227.210.241,4
70.36.100.156,2
181.215.186.146,2
95.179.136.107,2
185.255.135.44,1
104.237.226.117,49
95.158.63.46,1
64.90.50.250,3
213.226.113.93,2
139.192.9.231,2
176.226.129.196,1
72.206.63.14,1
185.30.200.132,10
109.94.211.99,2
46.53.254.58,4
90.196.156.72,6
176.232.217.93,2
49.34.213.90,1
40.77.167.49,1
157.55.39.87,4
207.46.13.9,1
40.77.190.120,1
40.77.190.135,1
186.208.112.62,3
49.206.44.187,4
80.67.65.12,3
180.248.116.44,3
157.44.162.179,1
83.69.90.191,2
79.18.225.119,2
195.110.133.235,1
45.77.106.99,1
72.163.217.104,4
8.210.197.95,2
192.254.97.105,3
188.138.102.150,1
103.227.176.20,1
157.51.159.162,4
45.92.228.50,53
128.70.3.239,1
204.93.197.149,1
157.55.39.144,1
190.104.121.21,6
81.88.49.50,1
77.234.235.174,3
103.30.145.5,1
206.41.164.107,2
217.70.186.133,1
66.33.212.113,2
12.184.127.162,1
193.111.153.69,1
109.94.115.108,3
178.115.131.14,114
91.121.68.60,1
109.173.130.139,84
84.65.80.95,2
103.199.103.246,1
13.66.139.122,1
205.167.182.250,1
197.27.12.19,23
37.229.244.199,26
3.91.101.189,1
103.42.253.210,1
91.227.68.139,1
208.113.163.173,1
47.75.16.189,2
82.144.83.152,3
198.23.172.177,2
94.155.33.133,1
148.251.50.77,1
158.58.197.227,1
49.244.9.137,2
54.36.148.40,1
151.193.102.246,2
82.99.203.76,3
103.31.25.66,1
192.3.246.116,3
5.2.3.200,3
180.253.166.175,2
46.81.81.156,2
18.196.226.81,1
45.249.119.8,1
94.233.240.6,32
49.34.118.236,21
156.38.5.39,2
135.148.2.113,1
194.35.117.106,2
13.66.139.125,14
54.36.148.9,1
107.158.96.83,1
109.162.127.246,2
197.14.10.254,9
135.125.90.81,1
5.166.72.12,1
209.99.165.104,1
96.91.167.129,1
179.61.128.9,2
172.241.37.123,6
51.89.10.203,2
5.157.26.156,1
69.46.64.87,2
128.14.178.94,2
46.97.176.123,26
168.91.76.104,2
134.209.67.45,1
191.102.153.35,2
51.89.10.253,4
181.129.52.157,3
80.50.132.134,2
173.73.248.153,2
70.60.132.34,3
197.3.119.128,21
45.153.158.59,2
77.222.110.21,2
51.89.129.234,4
209.99.165.106,1
157.55.39.6,12
14.200.246.101,1
50.118.141.17,4
103.199.155.26,3
5.153.183.154,76
192.252.215.2,3
23.83.92.101,2
23.83.93.91,10
46.185.117.92,24
178.175.144.126,2
45.128.134.197,24
193.9.114.181,50
96.8.122.165,4
23.83.93.250,6
51.89.10.160,6
174.70.203.17,4
196.247.160.73,2
223.39.191.238,2
23.83.92.188,2
51.89.129.149,4
23.83.92.17,2
9.3.1.173,2
146.185.201.112,1
4.3.0.100,1
81.22.46.236,1
205.178.65.199,1
84.206.63.18,1
36.67.204.214,2
54.36.148.135,1
18.229.73.207,4
184.94.240.92,1
103.242.155.144,2
24.205.116.103,1
5.157.27.169,1
54.36.148.219,1
37.9.153.141,1
207.200.8.180,44
104.238.111.150,2
23.94.146.210,2
209.99.165.152,2
191.101.39.218,2
165.231.101.116,2
177.129.207.36,3
107.175.78.189,2
173.252.111.3,1
173.252.111.4,1
42.236.10.120,2
54.36.148.203,1
207.46.13.146,2
40.77.188.80,9
148.251.233.233,10
147.135.147.28,4
217.149.172.112,87
67.175.73.247,10
75.165.174.252,32
173.232.226.166,1
173.232.226.198,1
213.225.13.14,88
198.23.170.81,2
51.79.159.176,1
168.151.227.250,1
104.144.93.9,2
54.36.149.90,1
104.225.161.3,4
188.22.24.35,67
104.47.54.254,1
176.187.142.228,3
46.193.0.79,1
23.236.232.207,2
51.89.129.233,2
185.65.135.176,7
89.239.65.140,3
5.253.18.191,2
209.17.96.90,1
5.180.107.194,66
103.5.133.131,1
187.76.190.74,2
204.15.145.39,3
126.234.193.111,4
185.253.42.4,1
62.103.74.230,2
79.135.82.11,16
35.230.88.228,1
137.74.64.237,3
185.32.222.171,1
172.241.37.76,4
103.215.148.4,3
54.203.73.198,3
80.110.111.5,32
109.202.10.22,3
54.36.148.187,1
92.244.208.235,2
139.162.52.129,2
212.252.63.247,3
91.175.75.90,3
54.221.139.175,3
213.225.9.232,109
31.28.163.56,2
100.21.218.158,3
217.160.69.102,11
176.101.176.161,1
217.149.168.27,28
23.83.93.163,4
93.7.90.116,1
185.32.188.146,1
178.237.210.247,61
104.140.73.16,2
45.252.189.61,1
173.236.224.16,2
178.165.130.7,18
5.157.29.165,16
193.41.122.53,2
83.249.240.8,3
2.56.62.165,4
81.169.250.152,4
185.99.32.41,2
144.76.68.124,1
184.82.70.200,1
51.158.119.88,1
185.217.170.194,1
107.158.92.165,1
89.111.33.220,4
144.76.176.171,2
67.169.118.113,2
179.61.168.15,2
168.196.40.120,2
186.215.202.34,3
54.36.148.10,1
112.44.147.205,2
168.91.76.36,2
191.101.98.31,4
185.104.217.53,1
191.102.148.56,1
177.23.184.166,3
161.35.137.222,2
190.2.131.167,2
167.179.97.207,2
147.135.147.82,2
68.2.246.238,3
95.217.215.188,1
132.148.159.44,2
23.129.64.220,2
182.231.167.89,2
35.186.151.64,1
177.107.128.34,2
104.200.135.12,1
209.17.97.58,1
37.120.198.185,36
5.37.145.120,2
18.144.173.75,1
54.36.148.132,1
192.186.168.238,2
49.205.244.253,4
88.125.67.78,5
45.77.188.142,1
196.240.105.8,2
42.236.10.71,2
42.236.10.98,1
78.192.122.90,2
194.186.207.140,1
149.154.161.2,1
88.244.212.186,2
3.227.249.213,1
3.80.142.112,1
3.84.74.232,3
3.85.221.136,1
52.4.170.101,4
3.85.24.200,3
44.192.12.231,3
34.200.230.231,1
3.229.137.223,1
18.234.209.225,2
34.201.153.122,1
3.238.25.55,1
100.26.179.203,1
34.201.64.47,2
52.49.88.82,1
90.191.124.115,612
3.236.253.188,2
34.231.180.62,1
18.232.112.130,2
18.206.74.214,1
3.85.114.199,1
54.234.86.106,1
54.175.241.238,1
3.82.213.64,1
52.205.28.240,1
54.159.226.236,1
103.80.61.79,2
103.82.191.2,1
178.93.10.145,2
103.87.171.166,2
107.152.174.127,2
207.244.118.93,1
106.197.130.101,2
50.3.195.41,1
80.122.107.249,118
38.130.220.117,2
23.106.216.220,1
186.179.52.146,1
200.10.37.139,1
198.46.193.253,1
184.73.144.41,1
73.12.98.78,2
193.41.115.75,1
92.239.142.244,32
213.162.73.187,1
45.80.210.149,1
51.81.139.96,1
45.93.101.79,1
199.16.243.170,1
3.232.254.245,1
103.115.254.6,3
188.71.232.104,1
50.3.195.61,1
92.38.133.22,1
85.195.87.183,1
144.168.138.210,1
41.33.76.195,10
193.9.114.182,212
155.138.135.227,2
196.247.205.166,1
34.203.37.48,4
86.154.130.180,1
82.79.232.79,3
141.101.104.154,1
181.214.6.70,14
54.36.148.155,1
188.138.192.154,2
45.129.56.200,2
185.220.101.197,1
45.80.210.45,2
180.16.9.7,84
144.168.189.35,1
73.15.24.211,1
2.38.152.84,1
23.129.64.215,1
78.47.16.54,7
90.191.218.46,13
174.94.116.55,2
83.28.218.209,1
17.58.101.189,7
17.58.97.137,11
159.146.10.169,2
86.56.195.199,89
178.115.130.176,32
170.83.177.150,2
63.33.62.55,1
188.214.152.103,1
46.45.185.176,1
107.158.92.218,1
205.234.171.8,42
36.79.31.45,2
3.124.217.27,34
209.99.132.5,2
36.90.182.236,1
201.184.130.194,1
182.253.141.25,2
1.2.195.187,2
95.216.245.33,1
212.154.17.114,3
78.175.181.135,3
176.88.140.203,1
176.42.35.205,2
24.133.68.94,2
88.0.705.63,12
92.44.198.82,2
85.97.69.143,2
188.57.124.27,2
151.135.29.50,2
78.163.117.69,2
85.97.16.233,2
85.98.62.130,2
195.142.118.5,32
94.54.232.82,1
176.42.22.149,2
95.70.132.205,2
24.133.129.35,2
185.219.179.146,2
212.174.15.5,1
188.146.229.83,90
95.70.146.235,1
78.182.148.129,1
78.183.110.165,2
54.186.117.234,1
34.214.144.137,1
5.253.205.152,1
54.36.149.10,1
141.101.76.249,1
64.145.76.81,1
103.149.159.9,2
66.249.70.106,1
51.75.187.153,1
23.108.2.167,1
63.32.57.155,2
54.179.49.83,2
78.31.146.235,2
91.66.10.188,2
157.55.39.145,5
183.6.183.35,2
92.61.51.114,32
80.250.28.109,4
5.143.31.24,2
89.144.197.35,2
108.15.21.76,3
64.246.165.160,2
176.212.34.103,2
104.37.31.146,2
101.180.149.112,1
192.126.226.236,1
13.236.114.230,4
103.9.0.209,1
135.148.2.109,1
109.74.130.129,2
143.244.43.112,1
159.192.93.77,2
191.102.154.15,1
213.142.96.32,68
188.54.18.36,33
185.37.27.139,2
104.168.65.216,2
192.59.134.4,4
195.201.58.104,4
168.91.77.145,2
81.250.145.152,3
83.33.97.203,2
197.60.87.63,11
1.38.176.84,2
147.30.5.100,35
9.3.2.173,2
46.193.6.143,7
176.56.107.112,2
93.72.109.0,1
106.12.141.71,2
103.203.254.4,4
157.51.124.175,1
174.116.164.128,2
177.130.158.241,2
165.225.197.16,2
172.69.54.224,1
196.196.224.171,2
54.36.148.224,1
185.191.171.8,1
45.79.105.158,2
101.80.210.171,1
174.116.132.50,5
11.0.9.1,10
185.119.81.101,4
98.10.49.248,2
148.251.8.250,2
189.105.77.211,2
188.65.238.117,3
192.198.125.50,2
66.249.75.246,3
66.249.75.244,3
66.249.83.220,1
17.234.87.100,2
14.221.99.35,2
23.94.81.186,2
43.249.230.64,3
192.227.216.39,2
103.153.167.225,2
141.101.105.129,2
149.248.3.182,2
89.70.28.93,1
173.252.107.20,1
54.36.148.213,1
90.74.110.26,5
184.82.75.138,1
82.179.20.245,1
95.142.195.143,1
95.142.197.2,1
195.211.23.206,2
181.162.167.33,2
179.61.152.106,4
107.172.148.133,2
13.235.101.236,10
207.46.13.4,10
13.66.139.17,10
176.188.224.166,116
176.169.150.180,1
185.136.116.62,1
35.173.236.129,1
184.73.2.3,2
3.238.88.86,1
44.192.45.189,1
34.227.194.141,2
34.228.41.102,1
54.224.4.183,3
54.226.224.221,2
3.80.167.90,3
106.51.20.254,6
18.234.77.59,4
54.89.209.177,2
35.175.120.103,1
54.162.252.142,2
44.192.72.52,5
64.124.64.15,7
54.175.72.0,1
185.136.116.142,1
87.50.55.199,4
80.215.81.125,1
46.193.6.171,2
213.162.73.225,1
46.193.64.32,1
164.132.51.5,1
206.41.168.236,1
81.50.181.94,2
70.63.86.162,1
93.3.154.49,1
90.32.52.177,33
89.85.160.132,2
13.57.53.26,2
161.35.32.167,2
193.41.122.39,1
95.0.66.97,1
185.17.13.111,70
104.140.209.185,1
184.72.168.41,3
92.167.209.41,2
194.228.18.230,4
196.17.158.237,2
185.112.167.156,41
85.114.96.154,1
46.162.19.58,1
141.101.104.232,2
140.177.249.44,1
216.151.27.66,2
100.0.54.177,2
54.36.148.76,2
89.221.223.234,2
137.117.178.120,2
1.9.2.8,2
73.47.13.24,9
108.162.229.59,1
184.96.64.206,1
45.130.60.33,1
134.0.63.134,2
103.153.167.254,2
2.56.101.113,1
45.136.228.191,1
54.36.148.67,1
89.212.90.179,1
23.236.131.94,2
42.190.66.71,2
192.99.18.136,4
185.176.78.213,2
54.36.148.198,1
103.199.155.198,2
103.17.87.120,6
92.93.225.26,17
54.226.135.156,1
54.87.55.3,1
35.170.60.184,1
34.201.55.106,2
3.90.190.227,1
3.90.248.89,1
34.205.41.242,2
3.231.59.67,1
3.235.126.134,1
54.144.60.189,1
213.162.73.186,7
128.127.218.17,1
89.104.16.17,65
91.168.77.72,1
80.15.43.166,1
54.209.21.163,1
3.91.100.6,1
54.196.38.254,1
3.236.46.18,2
54.226.128.123,1
3.237.203.84,1
3.239.248.206,1
34.239.168.122,1
54.226.174.224,1
23.95.89.2,2
37.169.30.212,1
205.178.9.15,2
66.249.83.221,1
38.106.198.82,1
165.225.50.177,1
140.206.81.178,2
35.208.211.199,2
104.144.217.122,2
31.172.225.202,1
178.190.233.132,36
77.68.17.126,1
90.108.223.251,3
42.110.154.133,9
213.223.222.39,2
213.225.33.200,220
95.179.128.55,2
159.89.131.39,1
89.64.83.198,2
200.10.37.130,2
104.144.91.110,2
75.164.100.67,3
52.201.235.168,2
185.191.171.12,3
177.220.172.39,8
187.36.84.137,2
104.174.167.176,2
174.253.82.23,1
54.36.148.42,1
167.99.102.248,1
45.228.8.14,2
27.34.16.106,2
24.193.113.12,40
54.36.149.39,1
189.81.217.210,2
103.86.194.186,2
106.208.123.71,17
45.251.49.152,1
183.82.188.137,7
192.199.249.246,2
7.0.185.100,4
45.145.131.146,2
103.99.205.247,4
106.198.67.93,1
155.64.138.82,2
2.21.21.22,1
165.225.122.241,36
155.64.23.58,2
103.9.85.238,2
177.84.146.29,1
184.178.172.5,2
77.222.135.138,2
94.45.205.155,6
37.204.77.140,9
54.250.87.247,4
91.223.67.83,1
85.171.34.82,8
46.125.250.84,16
196.221.147.124,2
13.66.139.7,5
54.36.148.194,1
138.204.24.190,1
206.41.173.191,2
77.28.197.35,2
128.104.156.17,1
40.136.122.62,2
77.197.111.31,2
94.23.152.201,2
209.99.136.58,1
107.152.139.212,2
95.216.157.138,16
196.242.21.17,2
23.90.42.119,4
45.170.76.15,1
102.129.196.247,1
45.82.98.113,1
212.15.184.190,1
213.216.80.33,1
18.228.190.7,2
5.24.38.85,2
70.178.111.197,2
179.152.207.9,2
85.113.112.83,3
93.158.228.230,2
47.149.208.110,2
200.187.164.32,2
195.142.188.125,2
158.69.243.115,2
173.34.34.214,3
93.115.0.25,2
46.182.21.248,7
185.111.157.23,3
135.148.33.97,2
78.188.119.253,2
176.31.123.203,2
157.55.39.140,3
104.227.190.230,2
165.225.120.112,2
52.29.232.44,1
145.255.10.102,4
223.238.202.132,118
223.196.13.5,20
196.235.252.194,2
54.36.149.25,1
95.55.139.253,1
20.12.0.106,1
62.210.157.250,1
107.173.2.117,2
185.176.78.179,2
103.218.216.112,2
223.238.196.236,28
212.232.28.210,5
42.236.10.106,5
192.3.58.140,2
196.196.148.21,2
73.24.88.199,6
103.218.216.123,34
201.47.57.111,4
185.176.76.52,1
213.152.162.69,2
54.36.148.151,1
45.152.199.223,2
62.210.111.42,4
141.101.96.73,1
45.250.227.135,5
209.17.96.122,1
223.238.193.68,7
95.216.96.243,17
87.0.664.47,1
45.158.15.36,1
94.19.187.225,4
34.241.117.122,2
46.125.249.3,81
168.151.228.78,1
46.147.189.43,31
13.66.139.97,3
198.105.117.130,2
95.217.237.152,6
143.110.182.139,1
103.206.8.162,2
185.81.106.52,1
186.3.147.10,1
94.200.39.62,3
107.172.44.253,4
199.247.25.129,2
88.135.42.87,2
213.91.211.148,1
41.86.56.224,1
38.130.220.177,1
104.160.17.197,1
5.157.8.56,1
104.223.52.87,1
172.58.121.72,4
176.41.165.168,1
36.81.198.168,2
185.176.76.82,2
176.59.33.73,1
126.157.73.248,1
185.253.97.238,2
23.108.233.122,2
95.70.146.241,2
113.252.52.204,3
109.229.10.154,2
192.227.249.187,2
50.3.159.190,2
181.129.181.11,1
110.78.152.119,1
157.55.39.114,1
40.77.188.146,10
213.225.0.114,32
51.77.52.160,1
212.42.122.237,2
45.82.197.195,2
184.82.74.65,1
144.217.101.245,1
23.250.52.151,4
217.160.63.27,2
75.131.227.101,3
172.69.55.205,1
51.210.124.177,1
192.36.53.165,1
185.124.112.133,2
37.44.255.149,2
108.208.167.14,2
187.111.164.79,1
95.163.255.163,1
95.163.255.187,1
3.135.244.143,141
3.249.223.118,1
5.133.11.117,2
24.151.10.92,31
198.23.247.176,2
158.69.245.214,2
168.195.205.154,2
24.133.140.28,1
104.238.44.101,1
34.96.130.81,1
95.163.255.168,1
95.163.255.182,1
170.83.177.15,2
172.245.52.120,2
141.101.104.222,1
193.181.50.251,2
191.101.98.30,3
87.202.2.203,1
107.175.231.158,2
157.48.213.140,1
18.191.240.209,2
92.104.56.168,2
194.35.233.251,1
178.136.56.246,2
89.110.17.51,2
23.250.23.99,5
66.249.83.222,1
98.162.25.23,2
185.81.113.101,1
88.127.138.88,5
85.84.110.218,2
54.194.101.18,2
54.215.203.96,1
185.191.171.41,1
193.154.78.92,79
178.115.128.44,31
104.144.180.200,2
23.90.43.32,2
23.229.88.178,2
54.36.148.107,1
54.36.148.141,1
85.84.245.143,5
20.84.41.133,2
45.82.197.203,2
69.163.163.191,2
45.63.29.110,2
178.76.254.130,1
175.45.149.34,39
217.182.193.49,22
45.13.228.90,2
167.220.255.80,2
90.0.789.1,2
66.249.75.248,3
40.77.167.64,1
54.164.30.178,2
37.120.146.219,1
36.92.114.106,2
5.18.97.179,1
54.36.148.152,1
104.227.253.205,2
188.253.74.210,2
185.176.76.251,4
31.18.121.245,2
46.17.106.61,1
34.86.35.187,1
89.144.212.222,34
1.209.175.116,1
2.8.108.15,1
197.41.78.221,2
92.222.202.40,1
112.200.103.212,7
95.163.255.152,2
95.163.255.181,1
106.180.11.95,2
15.223.118.149,2
54.159.97.49,2
135.125.11.152,1
185.138.241.178,1
104.140.73.120,2
89.144.200.149,36
185.138.241.86,10
188.165.239.211,2
27.115.124.70,8
27.115.124.101,6
5.255.231.168,2
77.220.193.211,1
217.123.5.100,2
136.185.189.126,1
185.233.187.59,1
81.222.188.29,66
88.0.705.68,32
91.141.3.92,74
107.172.13.84,2
27.62.248.9,3
170.80.140.3,2
149.154.161.11,1
193.62.194.241,1
95.181.151.108,2
21.2.0.109,34
85.26.234.34,3
178.213.247.153,4
85.249.31.77,1
85.140.6.172,2
95.146.95.248,34
194.36.98.71,2
69.248.231.216,2
24.6.141.3,2
99.113.201.100,2
104.57.182.96,2
23.231.15.172,2
194.116.237.98,1
95.163.255.174,1
92.118.160.9,1
149.154.161.17,1
180.254.23.38,2
82.66.125.116,2
99.243.15.8,2
182.113.141.215,1
5.39.64.29,2
5.2.1.600,2
49.7.20.155,1
46.105.243.22,1
12.218.209.130,2
223.238.177.52,5
95.70.145.232,1
85.237.200.125,1
109.190.247.19,2
194.79.140.142,1
185.176.78.203,2
51.158.126.162,1
101.255.117.2,1
54.36.148.34,1
104.227.169.56,2
192.227.252.2,1
193.49.179.2,8
199.58.86.206,2
34.96.130.193,1
45.94.235.191,2
176.9.50.244,15
110.232.252.251,2
185.191.171.18,1
95.217.228.61,1
95.217.228.43,44
185.176.78.204,2
198.23.197.57,2
34.86.35.112,1
213.225.8.130,27
23.90.43.124,1
109.87.21.71,4
68.71.174.77,2
3.236.150.160,2
107.158.9.25,2
201.217.243.149,2
5.227.182.73,5
40.75.116.99,1
165.225.61.66,3
18.196.1.242,1
47.33.34.24,1
207.46.13.21,1
164.90.194.36,1
213.178.63.195,1
179.61.149.182,1
168.119.88.226,18
130.255.198.35,1
37.228.215.143,1
185.244.214.39,1
18.1.1.840,1
192.111.139.162,2
176.110.166.82,1
70.106.222.87,5
104.227.121.159,2
196.196.34.106,2
103.153.167.2,2
66.231.185.74,6
110.74.222.213,2
156.209.196.194,2
213.14.33.130,2
185.176.78.210,2
196.218.84.165,2
176.36.174.135,2
2.84.74.178,23
113.12.162.180,1
49.37.165.60,2
52.91.81.57,1
178.70.224.56,2
212.92.11.153,2
198.105.117.164,1
178.19.163.89,2
23.108.233.125,2
185.191.171.34,1
45.251.48.17,1
91.132.138.228,1
34.78.120.99,1
52.15.188.132,2
3.22.12.117,2
42.236.106.114,1
69.4.89.106,1
93.119.227.19,1
213.162.72.177,32
69.4.87.74,1
93.179.82.62,2
34.123.63.107,1
66.65.105.122,1
93.119.227.91,1
199.58.187.135,1
52.114.77.236,1
94.244.50.193,3
185.181.245.227,2
49.206.4.155,2
188.100.130.27,2
37.120.206.51,2
139.162.208.7,1
66.249.93.178,1
66.249.93.174,1
54.36.148.100,1
54.36.149.48,1
45.112.57.230,1
170.83.176.113,2
96.46.146.254,2
179.107.61.104,2
89.144.213.255,1
86.242.98.139,2
87.6.70.82,2
85.127.34.237,5
107.172.138.147,2
103.221.235.91,2
